Claim_ID,Policy_ID,Claim_Date,Incident_Date,Claim_Type,Claim_Channel,Claim_Amount,Estimated_Loss,Claim_Status,Claim_Priority,Documents_Submitted,Surveyor_Assigned,Fraud_Flag,Fraud_Score,Settlement_Amount,Settlement_Days,Approval_Date,Rejection_Reason,Hospital_Garage_Name,Incident_City,Incident_State
CL00001,P0208,2025-01-01,2024-12-20,Theft,Online,167717,150945,Approved,Low,Yes,Yes,No,21,167717,58,2025-01-10,,City Garage,Hyderabad,TS
CL00002,P0880,2025-01-01,2024-12-20,Accident,Online,134200,120780,Approved,Low,Yes,Yes,Yes,26,134200,11,2025-01-10,,Apollo,Hyderabad,TS
CL00003,P0651,2025-01-01,2024-12-20,Fire,Online,315939,284345,Rejected,Medium,Yes,Yes,Yes,70,,52,2025-01-10,,Apollo,Hyderabad,TS
CL00004,P0796,2025-01-01,2024-12-20,Medical,Online,398591,358731, approved ,Low,Yes,Yes,No,67,,51,2025-01-10,,Apollo,Hyderabad,TS
CL00005,P0532,2025-01-01,2024-12-20,Accident,Online,472089,424880,Approved,High,Yes,Yes,No,37,472089,34,2025-01-10,,City Garage,Hyderabad,TS
CL00006,P0577,2025-01-01,2024-12-20,Accident,Online,491946,442751, approved ,Low,Yes,Yes,Yes,84,,24,2025-01-10,,City Garage,Hyderabad,TS
CL00007,P0459,2025-01-01,2024-12-20,Fire,Online,341738,307564,Approved,Low,Yes,Yes,No,52,341738,45,2025-01-10,,Apollo,Hyderabad,TS
CL00008,P0044,2025-01-01,2024-12-20,Medical,Online,177715,159943,Approved,Low,Yes,Yes,Yes,16,177715,10,2025-01-10,,Apollo,Hyderabad,TS
CL00009,P0453,2025-01-01,2024-12-20,Medical,Online,391883,352694,Rejected,Medium,Yes,Yes,Yes,20,,32,2025-01-10,,Apollo,Hyderabad,TS
CL00010,P0952,2025-01-01,2024-12-20,Theft,Online,138026,124223,Pending,High,Yes,Yes,No,53,,25,2025-01-10,,City Garage,Hyderabad,TS
CL00011,P0486,2025-01-01,2024-12-20,Theft,Online,470519,423467,Rejected,Low,Yes,Yes,No,98,,45,2025-01-10,,Apollo,Hyderabad,TS
CL00012,P0046,2025-01-01,2024-12-20,Fire,Online,454595,409135,Pending,High,Yes,Yes,No,14,,25,2025-01-10,,City Garage,Hyderabad,TS
CL00013,P0105,2025-01-01,2024-12-20,Medical,Online,213939,192545, approved ,High,Yes,Yes,No,8,,48,2025-01-10,,City Garage,Hyderabad,TS
CL00014,P0416,2025-01-01,2024-12-20,Medical,Online,91677,82509, approved ,Low,Yes,Yes,Yes,66,,45,2025-01-10,,Apollo,Hyderabad,TS
CL00015,P0156,2025-01-01,2024-12-20,Theft,Online,206550,185895, approved ,Medium,Yes,Yes,No,72,,24,2025-01-10,,City Garage,Hyderabad,TS
CL00016,P0390,2025-01-01,2024-12-20,Theft,Online,439078,395170,Rejected,Low,Yes,Yes,No,82,,7,2025-01-10,,Apollo,Hyderabad,TS
CL00017,P0299,2025-01-01,2024-12-20,Fire,Online,27048,24343,Pending,Low,Yes,Yes,No,90,,12,2025-01-10,,Apollo,Hyderabad,TS
CL00018,P0951,2025-01-01,2024-12-20,Medical,Online,256073,230465,Rejected,Low,Yes,Yes,Yes,62,,2,2025-01-10,,City Garage,Hyderabad,TS
CL00019,P0346,2025-01-01,2024-12-20,Fire,Online,261684,235515,Approved,High,Yes,Yes,No,40,261684,56,2025-01-10,,City Garage,Hyderabad,TS
CL00020,P0837,2025-01-01,2024-12-20,Theft,Online,25991,23391, approved ,Low,Yes,Yes,Yes,37,,14,2025-01-10,,City Garage,Hyderabad,TS
CL00021,P0957,2025-01-01,2024-12-20,Medical,Online,183203,164882, approved ,Low,Yes,Yes,No,68,,57,2025-01-10,,Apollo,Hyderabad,TS
CL00022,P0082,2025-01-01,2024-12-20,Theft,Online,484109,435698,Approved,Medium,Yes,Yes,Yes,70,484109,36,2025-01-10,,City Garage,Hyderabad,TS
CL00023,P0656,2025-01-01,2024-12-20,Medical,Online,49042,44137,Pending,High,Yes,Yes,Yes,14,,21,2025-01-10,,City Garage,Hyderabad,TS
CL00024,P0839,2025-01-01,2024-12-20,Accident,Online,317305,285574,Approved,Low,Yes,Yes,No,47,317305,10,2025-01-10,,Apollo,Hyderabad,TS
CL00025,P0480,2025-01-01,2024-12-20,Medical,Online,287498,258748,Approved,High,Yes,Yes,No,31,287498,10,2025-01-10,,City Garage,Hyderabad,TS
CL00026,P0862,2025-01-01,2024-12-20,Theft,Online,7172,6454,Rejected,Medium,Yes,Yes,No,91,,46,2025-01-10,,Apollo,Hyderabad,TS
CL00027,P0431,2025-01-01,2024-12-20,Medical,Online,282220,253998,Rejected,Low,Yes,Yes,Yes,72,,40,2025-01-10,,Apollo,Hyderabad,TS
CL00028,P0037,2025-01-01,2024-12-20,Theft,Online,219480,197532,Pending,Medium,Yes,Yes,Yes,35,,28,2025-01-10,,Apollo,Hyderabad,TS
CL00029,P0412,2025-01-01,2024-12-20,Theft,Online,46163,41546, approved ,Medium,Yes,Yes,Yes,19,,7,2025-01-10,,City Garage,Hyderabad,TS
CL00030,P0239,2025-01-01,2024-12-20,Fire,Online,7317,6585,Approved,High,Yes,Yes,Yes,69,7317,23,2025-01-10,,City Garage,Hyderabad,TS
CL00031,P0760,2025-01-01,2024-12-20,Theft,Online,55590,50031,Pending,Low,Yes,Yes,Yes,51,,45,2025-01-10,,Apollo,Hyderabad,TS
CL00032,P0491,2025-01-01,2024-12-20,Accident,Online,78310,70479,Pending,Medium,Yes,Yes,Yes,85,,25,2025-01-10,,City Garage,Hyderabad,TS
CL00033,P0385,2025-01-01,2024-12-20,Medical,Online,318195,286375, approved ,Medium,Yes,Yes,No,79,,25,2025-01-10,,City Garage,Hyderabad,TS
CL00034,P0239,2025-01-01,2024-12-20,Fire,Online,26307,23676,Rejected,High,Yes,Yes,No,19,,34,2025-01-10,,Apollo,Hyderabad,TS
CL00035,P0914,2025-01-01,2024-12-20,Fire,Online,281175,253057,Approved,Low,Yes,Yes,No,15,281175,24,2025-01-10,,Apollo,Hyderabad,TS
CL00036,P0718,2025-01-01,2024-12-20,Theft,Online,8717,7845, approved ,High,Yes,Yes,Yes,81,,9,2025-01-10,,City Garage,Hyderabad,TS
CL00037,P0765,2025-01-01,2024-12-20,Accident,Online,366655,329989,Rejected,Low,Yes,Yes,No,96,,17,2025-01-10,,City Garage,Hyderabad,TS
CL00038,P0589,2025-01-01,2024-12-20,Theft,Online,137455,123709,Rejected,Medium,Yes,Yes,No,52,,16,2025-01-10,,Apollo,Hyderabad,TS
CL00039,P0200,2025-01-01,2024-12-20,Accident,Online,356657,320991,Rejected,Medium,Yes,Yes,Yes,10,,12,2025-01-10,,Apollo,Hyderabad,TS
CL00040,P0763,2025-01-01,2024-12-20,Fire,Online,137040,123336, approved ,High,Yes,Yes,Yes,19,,15,2025-01-10,,City Garage,Hyderabad,TS
CL00041,P0744,2025-01-01,2024-12-20,Medical,Online,294485,265036,Approved,Medium,Yes,Yes,No,98,294485,15,2025-01-10,,Apollo,Hyderabad,TS
CL00042,P0095,2025-01-01,2024-12-20,Accident,Online,13561,12204, approved ,Low,Yes,Yes,Yes,28,,13,2025-01-10,,Apollo,Hyderabad,TS
CL00043,P0502,2025-01-01,2024-12-20,Theft,Online,341263,307136,Approved,Low,Yes,Yes,Yes,68,341263,30,2025-01-10,,City Garage,Hyderabad,TS
CL00044,P0598,2025-01-01,2024-12-20,Fire,Online,239626,215663, approved ,Low,Yes,Yes,Yes,39,,49,2025-01-10,,Apollo,Hyderabad,TS
CL00045,P0130,2025-01-01,2024-12-20,Medical,Online,383257,344931,Rejected,Medium,Yes,Yes,No,84,,25,2025-01-10,,Apollo,Hyderabad,TS
CL00046,P0921,2025-01-01,2024-12-20,Theft,Online,471784,424605,Pending,High,Yes,Yes,No,96,,6,2025-01-10,,City Garage,Hyderabad,TS
CL00047,P0945,2025-01-01,2024-12-20,Medical,Online,416698,375028,Pending,High,Yes,Yes,No,74,,3,2025-01-10,,Apollo,Hyderabad,TS
CL00048,P0336,2025-01-01,2024-12-20,Medical,Online,130516,117464,Rejected,Medium,Yes,Yes,No,59,,60,2025-01-10,,City Garage,Hyderabad,TS
CL00049,P0596,2025-01-01,2024-12-20,Medical,Online,119277,107349, approved ,Low,Yes,Yes,Yes,14,,28,2025-01-10,,City Garage,Hyderabad,TS
CL00050,P0110,2025-01-01,2024-12-20,Fire,Online,253975,228577,Approved,Medium,Yes,Yes,Yes,50,253975,1,2025-01-10,,City Garage,Hyderabad,TS
CL00051,P0788,2025-01-01,2024-12-20,Medical,Online,366976,330278, approved ,Medium,Yes,Yes,No,66,,20,2025-01-10,,Apollo,Hyderabad,TS
CL00052,P0792,2025-01-01,2024-12-20,Theft,Online,136700,123030, approved ,Medium,Yes,Yes,Yes,2,,6,2025-01-10,,City Garage,Hyderabad,TS
CL00053,P0986,2025-01-01,2024-12-20,Medical,Online,111383,100244, approved ,High,Yes,Yes,Yes,40,,30,2025-01-10,,City Garage,Hyderabad,TS
CL00054,P0448,2025-01-01,2024-12-20,Medical,Online,271089,243980,Pending,Low,Yes,Yes,No,86,,48,2025-01-10,,City Garage,Hyderabad,TS
CL00055,P0182,2025-01-01,2024-12-20,Accident,Online,293353,264017,Pending,Medium,Yes,Yes,No,9,,12,2025-01-10,,Apollo,Hyderabad,TS
CL00056,P0271,2025-01-01,2024-12-20,Medical,Online,5644,5079, approved ,Medium,Yes,Yes,No,44,,31,2025-01-10,,City Garage,Hyderabad,TS
CL00057,P0964,2025-01-01,2024-12-20,Accident,Online,480525,432472,Approved,Low,Yes,Yes,Yes,90,480525,48,2025-01-10,,City Garage,Hyderabad,TS
CL00058,P0403,2025-01-01,2024-12-20,Medical,Online,127402,114661,Rejected,Low,Yes,Yes,Yes,20,,8,2025-01-10,,Apollo,Hyderabad,TS
CL00059,P0319,2025-01-01,2024-12-20,Accident,Online,299270,269343, approved ,High,Yes,Yes,Yes,74,,58,2025-01-10,,Apollo,Hyderabad,TS
CL00060,P0072,2025-01-01,2024-12-20,Accident,Online,423250,380925,Rejected,Medium,Yes,Yes,Yes,46,,47,2025-01-10,,City Garage,Hyderabad,TS
CL00061,P0834,2025-01-01,2024-12-20,Fire,Online,406926,366233,Pending,High,Yes,Yes,Yes,86,,34,2025-01-10,,Apollo,Hyderabad,TS
CL00062,P0065,2025-01-01,2024-12-20,Theft,Online,215098,193588,Approved,Medium,Yes,Yes,Yes,5,215098,59,2025-01-10,,Apollo,Hyderabad,TS
CL00063,P0153,2025-01-01,2024-12-20,Theft,Online,363627,327264,Pending,High,Yes,Yes,Yes,10,,18,2025-01-10,,City Garage,Hyderabad,TS
CL00064,P0451,2025-01-01,2024-12-20,Theft,Online,334649,301184,Rejected,High,Yes,Yes,Yes,80,,9,2025-01-10,,Apollo,Hyderabad,TS
CL00065,P0798,2025-01-01,2024-12-20,Theft,Online,78984,71085,Rejected,Medium,Yes,Yes,Yes,3,,56,2025-01-10,,Apollo,Hyderabad,TS
CL00066,P0178,2025-01-01,2024-12-20,Accident,Online,192417,173175,Rejected,Medium,Yes,Yes,Yes,44,,54,2025-01-10,,Apollo,Hyderabad,TS
CL00067,P0368,2025-01-01,2024-12-20,Medical,Online,190438,171394, approved ,Medium,Yes,Yes,Yes,68,,57,2025-01-10,,City Garage,Hyderabad,TS
CL00068,P0907,2025-01-01,2024-12-20,Accident,Online,7013,6311, approved ,Medium,Yes,Yes,No,57,,13,2025-01-10,,Apollo,Hyderabad,TS
CL00069,P0587,2025-01-01,2024-12-20,Theft,Online,187030,168327,Approved,Medium,Yes,Yes,Yes,54,187030,9,2025-01-10,,City Garage,Hyderabad,TS
CL00070,P0217,2025-01-01,2024-12-20,Accident,Online,486849,438164, approved ,Low,Yes,Yes,Yes,45,,27,2025-01-10,,Apollo,Hyderabad,TS
CL00071,P0974,2025-01-01,2024-12-20,Fire,Online,304248,273823,Pending,High,Yes,Yes,No,12,,11,2025-01-10,,Apollo,Hyderabad,TS
CL00072,P0131,2025-01-01,2024-12-20,Medical,Online,377427,339684,Rejected,Medium,Yes,Yes,No,46,,59,2025-01-10,,City Garage,Hyderabad,TS
CL00073,P0184,2025-01-01,2024-12-20,Fire,Online,399266,359339,Pending,Medium,Yes,Yes,No,47,,3,2025-01-10,,Apollo,Hyderabad,TS
CL00074,P0334,2025-01-01,2024-12-20,Medical,Online,226885,204196,Rejected,Medium,Yes,Yes,Yes,95,,2,2025-01-10,,City Garage,Hyderabad,TS
CL00075,P0361,2025-01-01,2024-12-20,Medical,Online,301387,271248,Pending,High,Yes,Yes,No,21,,20,2025-01-10,,City Garage,Hyderabad,TS
CL00076,P0153,2025-01-01,2024-12-20,Accident,Online,483801,435420,Rejected,Medium,Yes,Yes,No,44,,48,2025-01-10,,City Garage,Hyderabad,TS
CL00077,P0041,2025-01-01,2024-12-20,Theft,Online,484606,436145,Approved,Medium,Yes,Yes,Yes,59,484606,46,2025-01-10,,Apollo,Hyderabad,TS
CL00078,P0112,2025-01-01,2024-12-20,Fire,Online,28716,25844,Approved,Low,Yes,Yes,Yes,30,28716,34,2025-01-10,,Apollo,Hyderabad,TS
CL00079,P0528,2025-01-01,2024-12-20,Medical,Online,182789,164510,Rejected,Medium,Yes,Yes,Yes,37,,55,2025-01-10,,City Garage,Hyderabad,TS
CL00080,P0695,2025-01-01,2024-12-20,Accident,Online,466379,419741, approved ,Medium,Yes,Yes,Yes,65,,9,2025-01-10,,City Garage,Hyderabad,TS
CL00081,P0101,2025-01-01,2024-12-20,Theft,Online,200100,180090, approved ,Medium,Yes,Yes,No,99,,55,2025-01-10,,City Garage,Hyderabad,TS
CL00082,P0955,2025-01-01,2024-12-20,Accident,Online,473826,426443, approved ,High,Yes,Yes,No,88,,11,2025-01-10,,Apollo,Hyderabad,TS
CL00083,P0935,2025-01-01,2024-12-20,Theft,Online,259923,233930,Rejected,Medium,Yes,Yes,Yes,19,,12,2025-01-10,,Apollo,Hyderabad,TS
CL00084,P0618,2025-01-01,2024-12-20,Fire,Online,22589,20330,Pending,High,Yes,Yes,No,71,,14,2025-01-10,,Apollo,Hyderabad,TS
CL00085,P0883,2025-01-01,2024-12-20,Medical,Online,284071,255663,Rejected,Medium,Yes,Yes,No,74,,35,2025-01-10,,Apollo,Hyderabad,TS
CL00086,P0094,2025-01-01,2024-12-20,Medical,Online,173109,155798,Approved,Medium,Yes,Yes,No,27,173109,2,2025-01-10,,Apollo,Hyderabad,TS
CL00087,P0944,2025-01-01,2024-12-20,Accident,Online,104244,93819,Approved,Medium,Yes,Yes,Yes,58,104244,19,2025-01-10,,City Garage,Hyderabad,TS
CL00088,P0383,2025-01-01,2024-12-20,Theft,Online,81283,73154,Approved,Medium,Yes,Yes,No,0,81283,49,2025-01-10,,Apollo,Hyderabad,TS
CL00089,P0533,2025-01-01,2024-12-20,Medical,Online,350611,315549,Approved,Medium,Yes,Yes,Yes,41,350611,57,2025-01-10,,City Garage,Hyderabad,TS
CL00090,P0169,2025-01-01,2024-12-20,Accident,Online,88489,79640,Approved,High,Yes,Yes,No,81,88489,56,2025-01-10,,Apollo,Hyderabad,TS
CL00091,P0755,2025-01-01,2024-12-20,Theft,Online,498392,448552,Approved,Medium,Yes,Yes,Yes,74,498392,22,2025-01-10,,Apollo,Hyderabad,TS
CL00092,P0487,2025-01-01,2024-12-20,Theft,Online,218389,196550,Pending,Low,Yes,Yes,Yes,31,,9,2025-01-10,,Apollo,Hyderabad,TS
CL00093,P0634,2025-01-01,2024-12-20,Medical,Online,459813,413831,Approved,Low,Yes,Yes,No,39,459813,43,2025-01-10,,Apollo,Hyderabad,TS
CL00094,P0814,2025-01-01,2024-12-20,Medical,Online,453831,408447,Pending,High,Yes,Yes,No,16,,28,2025-01-10,,Apollo,Hyderabad,TS
CL00095,P0909,2025-01-01,2024-12-20,Accident,Online,264201,237780,Rejected,Medium,Yes,Yes,No,22,,15,2025-01-10,,City Garage,Hyderabad,TS
CL00096,P0704,2025-01-01,2024-12-20,Fire,Online,409113,368201,Pending,Medium,Yes,Yes,Yes,99,,43,2025-01-10,,Apollo,Hyderabad,TS
CL00097,P0804,2025-01-01,2024-12-20,Fire,Online,9523,8570,Approved,High,Yes,Yes,No,23,9523,31,2025-01-10,,City Garage,Hyderabad,TS
CL00098,P0464,2025-01-01,2024-12-20,Theft,Online,99043,89138,Approved,Low,Yes,Yes,No,8,99043,28,2025-01-10,,Apollo,Hyderabad,TS
CL00099,P0878,2025-01-01,2024-12-20,Fire,Online,71350,64215, approved ,Medium,Yes,Yes,No,46,,28,2025-01-10,,City Garage,Hyderabad,TS
CL00100,P0728,2025-01-01,2024-12-20,Medical,Online,404538,364084,Approved,Medium,Yes,Yes,No,79,404538,42,2025-01-10,,City Garage,Hyderabad,TS
CL00101,P0310,2025-01-01,2024-12-20,Medical,Online,81677,73509,Approved,High,Yes,Yes,No,98,81677,43,2025-01-10,,City Garage,Hyderabad,TS
CL00102,P0081,2025-01-01,2024-12-20,Medical,Online,296359,266723, approved ,Medium,Yes,Yes,No,51,,4,2025-01-10,,City Garage,Hyderabad,TS
CL00103,P0534,2025-01-01,2024-12-20,Theft,Online,263026,236723,Approved,High,Yes,Yes,Yes,76,263026,6,2025-01-10,,City Garage,Hyderabad,TS
CL00104,P0449,2025-01-01,2024-12-20,Fire,Online,199573,179615,Approved,High,Yes,Yes,Yes,85,199573,55,2025-01-10,,City Garage,Hyderabad,TS
CL00105,P0524,2025-01-01,2024-12-20,Theft,Online,47640,42876,Pending,High,Yes,Yes,Yes,71,,3,2025-01-10,,Apollo,Hyderabad,TS
CL00106,P0216,2025-01-01,2024-12-20,Theft,Online,488725,439852,Pending,High,Yes,Yes,No,26,,54,2025-01-10,,City Garage,Hyderabad,TS
CL00107,P0542,2025-01-01,2024-12-20,Accident,Online,178306,160475, approved ,Low,Yes,Yes,Yes,97,,30,2025-01-10,,Apollo,Hyderabad,TS
CL00108,P0473,2025-01-01,2024-12-20,Fire,Online,291826,262643,Approved,Medium,Yes,Yes,Yes,2,291826,60,2025-01-10,,City Garage,Hyderabad,TS
CL00109,P0826,2025-01-01,2024-12-20,Medical,Online,373759,336383,Approved,Medium,Yes,Yes,No,26,373759,19,2025-01-10,,City Garage,Hyderabad,TS
CL00110,P0489,2025-01-01,2024-12-20,Theft,Online,89495,80545, approved ,Low,Yes,Yes,Yes,41,,32,2025-01-10,,City Garage,Hyderabad,TS
CL00111,P0946,2025-01-01,2024-12-20,Accident,Online,243797,219417,Rejected,Low,Yes,Yes,No,17,,23,2025-01-10,,City Garage,Hyderabad,TS
CL00112,P0732,2025-01-01,2024-12-20,Theft,Online,359629,323666, approved ,High,Yes,Yes,Yes,79,,47,2025-01-10,,Apollo,Hyderabad,TS
CL00113,P0751,2025-01-01,2024-12-20,Medical,Online,117213,105491,Rejected,Low,Yes,Yes,Yes,63,,10,2025-01-10,,Apollo,Hyderabad,TS
CL00114,P0035,2025-01-01,2024-12-20,Theft,Online,256212,230590,Pending,High,Yes,Yes,Yes,58,,42,2025-01-10,,Apollo,Hyderabad,TS
CL00115,P0387,2025-01-01,2024-12-20,Accident,Online,135967,122370,Pending,Medium,Yes,Yes,Yes,86,,57,2025-01-10,,City Garage,Hyderabad,TS
CL00116,P0626,2025-01-01,2024-12-20,Theft,Online,352772,317494,Rejected,High,Yes,Yes,No,56,,43,2025-01-10,,Apollo,Hyderabad,TS
CL00117,P0723,2025-01-01,2024-12-20,Accident,Online,458087,412278,Rejected,High,Yes,Yes,No,77,,28,2025-01-10,,City Garage,Hyderabad,TS
CL00118,P0537,2025-01-01,2024-12-20,Fire,Online,199957,179961, approved ,Low,Yes,Yes,No,70,,3,2025-01-10,,Apollo,Hyderabad,TS
CL00119,P0699,2025-01-01,2024-12-20,Theft,Online,241804,217623, approved ,Medium,Yes,Yes,Yes,9,,4,2025-01-10,,City Garage,Hyderabad,TS
CL00120,P0634,2025-01-01,2024-12-20,Theft,Online,191738,172564,Rejected,Low,Yes,Yes,Yes,49,,20,2025-01-10,,City Garage,Hyderabad,TS
CL00121,P0160,2025-01-01,2024-12-20,Medical,Online,191925,172732,Pending,Medium,Yes,Yes,Yes,90,,57,2025-01-10,,City Garage,Hyderabad,TS
CL00122,P0114,2025-01-01,2024-12-20,Accident,Online,191599,172439,Pending,Medium,Yes,Yes,No,73,,8,2025-01-10,,City Garage,Hyderabad,TS
CL00123,P0912,2025-01-01,2024-12-20,Theft,Online,434198,390778, approved ,Medium,Yes,Yes,Yes,6,,28,2025-01-10,,City Garage,Hyderabad,TS
CL00124,P0268,2025-01-01,2024-12-20,Accident,Online,277507,249756, approved ,High,Yes,Yes,Yes,94,,24,2025-01-10,,Apollo,Hyderabad,TS
CL00125,P0302,2025-01-01,2024-12-20,Theft,Online,127794,115014,Pending,High,Yes,Yes,Yes,41,,22,2025-01-10,,Apollo,Hyderabad,TS
CL00126,P0061,2025-01-01,2024-12-20,Fire,Online,349423,314480,Pending,Low,Yes,Yes,No,23,,50,2025-01-10,,City Garage,Hyderabad,TS
CL00127,P0567,2025-01-01,2024-12-20,Medical,Online,390014,351012,Pending,High,Yes,Yes,No,46,,57,2025-01-10,,Apollo,Hyderabad,TS
CL00128,P0649,2025-01-01,2024-12-20,Theft,Online,475899,428309,Pending,Medium,Yes,Yes,No,87,,58,2025-01-10,,Apollo,Hyderabad,TS
CL00129,P0234,2025-01-01,2024-12-20,Medical,Online,230091,207081,Pending,High,Yes,Yes,Yes,24,,1,2025-01-10,,Apollo,Hyderabad,TS
CL00130,P0036,2025-01-01,2024-12-20,Theft,Online,38477,34629, approved ,High,Yes,Yes,No,62,,22,2025-01-10,,Apollo,Hyderabad,TS
CL00131,P0814,2025-01-01,2024-12-20,Fire,Online,440756,396680,Approved,High,Yes,Yes,Yes,17,440756,32,2025-01-10,,Apollo,Hyderabad,TS
CL00132,P0212,2025-01-01,2024-12-20,Medical,Online,330482,297433,Rejected,Medium,Yes,Yes,No,30,,56,2025-01-10,,Apollo,Hyderabad,TS
CL00133,P0959,2025-01-01,2024-12-20,Fire,Online,277477,249729, approved ,Low,Yes,Yes,Yes,52,,20,2025-01-10,,Apollo,Hyderabad,TS
CL00134,P0217,2025-01-01,2024-12-20,Theft,Online,406903,366212,Rejected,Low,Yes,Yes,Yes,73,,11,2025-01-10,,Apollo,Hyderabad,TS
CL00135,P0906,2025-01-01,2024-12-20,Theft,Online,270374,243336, approved ,Low,Yes,Yes,No,50,,3,2025-01-10,,City Garage,Hyderabad,TS
CL00136,P0723,2025-01-01,2024-12-20,Theft,Online,59101,53190,Rejected,Low,Yes,Yes,No,95,,55,2025-01-10,,City Garage,Hyderabad,TS
CL00137,P0510,2025-01-01,2024-12-20,Theft,Online,332056,298850,Approved,Low,Yes,Yes,No,3,332056,15,2025-01-10,,Apollo,Hyderabad,TS
CL00138,P0355,2025-01-01,2024-12-20,Medical,Online,154732,139258, approved ,High,Yes,Yes,Yes,23,,46,2025-01-10,,City Garage,Hyderabad,TS
CL00139,P0540,2025-01-01,2024-12-20,Theft,Online,335824,302241,Rejected,Low,Yes,Yes,Yes,77,,27,2025-01-10,,Apollo,Hyderabad,TS
CL00140,P0541,2025-01-01,2024-12-20,Medical,Online,235949,212354,Approved,Medium,Yes,Yes,Yes,4,235949,31,2025-01-10,,Apollo,Hyderabad,TS
CL00141,P0130,2025-01-01,2024-12-20,Medical,Online,282244,254019,Pending,High,Yes,Yes,No,58,,39,2025-01-10,,City Garage,Hyderabad,TS
CL00142,P0535,2025-01-01,2024-12-20,Fire,Online,238912,215020,Rejected,High,Yes,Yes,No,25,,28,2025-01-10,,Apollo,Hyderabad,TS
CL00143,P0982,2025-01-01,2024-12-20,Medical,Online,209865,188878,Pending,High,Yes,Yes,Yes,51,,14,2025-01-10,,City Garage,Hyderabad,TS
CL00144,P0300,2025-01-01,2024-12-20,Theft,Online,494855,445369,Rejected,High,Yes,Yes,No,38,,12,2025-01-10,,Apollo,Hyderabad,TS
CL00145,P0423,2025-01-01,2024-12-20,Theft,Online,164358,147922,Pending,Low,Yes,Yes,No,79,,47,2025-01-10,,City Garage,Hyderabad,TS
CL00146,P0462,2025-01-01,2024-12-20,Medical,Online,163609,147248,Approved,High,Yes,Yes,No,52,163609,49,2025-01-10,,Apollo,Hyderabad,TS
CL00147,P0867,2025-01-01,2024-12-20,Theft,Online,37854,34068,Approved,Medium,Yes,Yes,No,54,37854,32,2025-01-10,,Apollo,Hyderabad,TS
CL00148,P0818,2025-01-01,2024-12-20,Medical,Online,336588,302929,Approved,Medium,Yes,Yes,No,74,336588,48,2025-01-10,,City Garage,Hyderabad,TS
CL00149,P0625,2025-01-01,2024-12-20,Fire,Online,494258,444832,Approved,Low,Yes,Yes,No,56,494258,13,2025-01-10,,Apollo,Hyderabad,TS
CL00150,P0912,2025-01-01,2024-12-20,Theft,Online,276941,249246, approved ,Medium,Yes,Yes,Yes,49,,56,2025-01-10,,Apollo,Hyderabad,TS
CL00151,P0832,2025-01-01,2024-12-20,Fire,Online,217678,195910,Rejected,Low,Yes,Yes,Yes,91,,47,2025-01-10,,Apollo,Hyderabad,TS
CL00152,P0291,2025-01-01,2024-12-20,Fire,Online,24855,22369,Approved,Medium,Yes,Yes,Yes,96,24855,14,2025-01-10,,City Garage,Hyderabad,TS
CL00153,P0423,2025-01-01,2024-12-20,Medical,Online,178074,160266, approved ,Medium,Yes,Yes,No,41,,33,2025-01-10,,Apollo,Hyderabad,TS
CL00154,P0360,2025-01-01,2024-12-20,Medical,Online,261823,235640,Pending,Low,Yes,Yes,No,9,,23,2025-01-10,,Apollo,Hyderabad,TS
CL00155,P0692,2025-01-01,2024-12-20,Theft,Online,307562,276805,Pending,Low,Yes,Yes,Yes,12,,10,2025-01-10,,City Garage,Hyderabad,TS
CL00156,P0212,2025-01-01,2024-12-20,Medical,Online,126130,113517, approved ,Low,Yes,Yes,No,9,,57,2025-01-10,,Apollo,Hyderabad,TS
CL00157,P0535,2025-01-01,2024-12-20,Theft,Online,13086,11777, approved ,High,Yes,Yes,Yes,39,,19,2025-01-10,,City Garage,Hyderabad,TS
CL00158,P0856,2025-01-01,2024-12-20,Fire,Online,335184,301665,Approved,High,Yes,Yes,Yes,47,335184,46,2025-01-10,,Apollo,Hyderabad,TS
CL00159,P0809,2025-01-01,2024-12-20,Theft,Online,472576,425318,Rejected,Medium,Yes,Yes,No,57,,60,2025-01-10,,Apollo,Hyderabad,TS
CL00160,P0488,2025-01-01,2024-12-20,Medical,Online,78639,70775,Approved,Medium,Yes,Yes,Yes,67,78639,51,2025-01-10,,Apollo,Hyderabad,TS
CL00161,P0936,2025-01-01,2024-12-20,Accident,Online,370192,333172,Pending,High,Yes,Yes,No,31,,52,2025-01-10,,Apollo,Hyderabad,TS
CL00162,P0714,2025-01-01,2024-12-20,Theft,Online,103060,92754, approved ,Low,Yes,Yes,Yes,73,,45,2025-01-10,,City Garage,Hyderabad,TS
CL00163,P0603,2025-01-01,2024-12-20,Medical,Online,271358,244222,Pending,Medium,Yes,Yes,Yes,41,,50,2025-01-10,,City Garage,Hyderabad,TS
CL00164,P0890,2025-01-01,2024-12-20,Theft,Online,257689,231920,Approved,High,Yes,Yes,Yes,75,257689,28,2025-01-10,,Apollo,Hyderabad,TS
CL00165,P0612,2025-01-01,2024-12-20,Theft,Online,280000,252000, approved ,High,Yes,Yes,Yes,66,,36,2025-01-10,,City Garage,Hyderabad,TS
CL00166,P0492,2025-01-01,2024-12-20,Fire,Online,89663,80696,Approved,Low,Yes,Yes,No,11,89663,37,2025-01-10,,City Garage,Hyderabad,TS
CL00167,P0853,2025-01-01,2024-12-20,Fire,Online,139551,125595,Approved,Low,Yes,Yes,Yes,91,139551,34,2025-01-10,,City Garage,Hyderabad,TS
CL00168,P0900,2025-01-01,2024-12-20,Accident,Online,446488,401839, approved ,Medium,Yes,Yes,Yes,68,,32,2025-01-10,,Apollo,Hyderabad,TS
CL00169,P0112,2025-01-01,2024-12-20,Fire,Online,364275,327847, approved ,Medium,Yes,Yes,No,80,,31,2025-01-10,,Apollo,Hyderabad,TS
CL00170,P0633,2025-01-01,2024-12-20,Theft,Online,291162,262045,Pending,Low,Yes,Yes,No,31,,5,2025-01-10,,Apollo,Hyderabad,TS
CL00171,P0817,2025-01-01,2024-12-20,Medical,Online,444717,400245,Pending,High,Yes,Yes,No,50,,34,2025-01-10,,Apollo,Hyderabad,TS
CL00172,P0907,2025-01-01,2024-12-20,Theft,Online,301901,271710,Rejected,Low,Yes,Yes,No,69,,12,2025-01-10,,Apollo,Hyderabad,TS
CL00173,P0735,2025-01-01,2024-12-20,Medical,Online,368902,332011,Pending,Low,Yes,Yes,No,69,,46,2025-01-10,,City Garage,Hyderabad,TS
CL00174,P0619,2025-01-01,2024-12-20,Accident,Online,499726,449753,Pending,High,Yes,Yes,No,25,,25,2025-01-10,,City Garage,Hyderabad,TS
CL00175,P0623,2025-01-01,2024-12-20,Medical,Online,10010,9009,Pending,Low,Yes,Yes,Yes,63,,54,2025-01-10,,Apollo,Hyderabad,TS
CL00176,P0932,2025-01-01,2024-12-20,Fire,Online,110232,99208,Approved,Medium,Yes,Yes,No,58,110232,31,2025-01-10,,City Garage,Hyderabad,TS
CL00177,P0151,2025-01-01,2024-12-20,Fire,Online,85809,77228, approved ,Medium,Yes,Yes,No,24,,38,2025-01-10,,Apollo,Hyderabad,TS
CL00178,P0120,2025-01-01,2024-12-20,Fire,Online,209241,188316, approved ,High,Yes,Yes,Yes,59,,10,2025-01-10,,Apollo,Hyderabad,TS
CL00179,P0373,2025-01-01,2024-12-20,Fire,Online,499198,449278,Pending,High,Yes,Yes,Yes,90,,48,2025-01-10,,City Garage,Hyderabad,TS
CL00180,P0099,2025-01-01,2024-12-20,Theft,Online,24408,21967,Approved,High,Yes,Yes,No,65,24408,17,2025-01-10,,Apollo,Hyderabad,TS
CL00181,P0091,2025-01-01,2024-12-20,Accident,Online,272776,245498, approved ,Medium,Yes,Yes,No,34,,28,2025-01-10,,Apollo,Hyderabad,TS
CL00182,P0448,2025-01-01,2024-12-20,Medical,Online,216977,195279,Pending,Medium,Yes,Yes,Yes,14,,48,2025-01-10,,City Garage,Hyderabad,TS
CL00183,P0328,2025-01-01,2024-12-20,Medical,Online,151293,136163, approved ,Low,Yes,Yes,Yes,59,,5,2025-01-10,,City Garage,Hyderabad,TS
CL00184,P0871,2025-01-01,2024-12-20,Theft,Online,291377,262239,Approved,Medium,Yes,Yes,No,60,291377,28,2025-01-10,,Apollo,Hyderabad,TS
CL00185,P0906,2025-01-01,2024-12-20,Accident,Online,212805,191524,Pending,High,Yes,Yes,Yes,65,,54,2025-01-10,,Apollo,Hyderabad,TS
CL00186,P0861,2025-01-01,2024-12-20,Medical,Online,437766,393989,Pending,Medium,Yes,Yes,No,81,,55,2025-01-10,,City Garage,Hyderabad,TS
CL00187,P0493,2025-01-01,2024-12-20,Accident,Online,151223,136100,Rejected,Medium,Yes,Yes,No,94,,2,2025-01-10,,City Garage,Hyderabad,TS
CL00188,P0823,2025-01-01,2024-12-20,Fire,Online,206945,186250,Approved,Medium,Yes,Yes,Yes,64,206945,7,2025-01-10,,City Garage,Hyderabad,TS
CL00189,P0981,2025-01-01,2024-12-20,Theft,Online,319243,287318, approved ,Low,Yes,Yes,No,85,,49,2025-01-10,,City Garage,Hyderabad,TS
CL00190,P0832,2025-01-01,2024-12-20,Medical,Online,414595,373135,Pending,Medium,Yes,Yes,No,68,,19,2025-01-10,,City Garage,Hyderabad,TS
CL00191,P0602,2025-01-01,2024-12-20,Fire,Online,484722,436249,Approved,High,Yes,Yes,No,58,484722,34,2025-01-10,,Apollo,Hyderabad,TS
CL00192,P0427,2025-01-01,2024-12-20,Medical,Online,117368,105631,Approved,High,Yes,Yes,No,46,117368,52,2025-01-10,,City Garage,Hyderabad,TS
CL00193,P0890,2025-01-01,2024-12-20,Fire,Online,173430,156087,Pending,Low,Yes,Yes,No,62,,11,2025-01-10,,Apollo,Hyderabad,TS
CL00194,P0574,2025-01-01,2024-12-20,Accident,Online,384397,345957,Approved,Medium,Yes,Yes,Yes,42,384397,37,2025-01-10,,Apollo,Hyderabad,TS
CL00195,P0670,2025-01-01,2024-12-20,Theft,Online,11563,10406,Rejected,Low,Yes,Yes,No,50,,32,2025-01-10,,Apollo,Hyderabad,TS
CL00196,P0278,2025-01-01,2024-12-20,Fire,Online,69957,62961,Approved,Medium,Yes,Yes,No,33,69957,33,2025-01-10,,Apollo,Hyderabad,TS
CL00197,P0482,2025-01-01,2024-12-20,Medical,Online,395509,355958,Pending,Low,Yes,Yes,Yes,94,,48,2025-01-10,,City Garage,Hyderabad,TS
CL00198,P0200,2025-01-01,2024-12-20,Medical,Online,268369,241532,Rejected,High,Yes,Yes,Yes,3,,48,2025-01-10,,Apollo,Hyderabad,TS
CL00199,P0466,2025-01-01,2024-12-20,Theft,Online,252626,227363,Pending,Medium,Yes,Yes,Yes,63,,51,2025-01-10,,Apollo,Hyderabad,TS
CL00200,P0006,2025-01-01,2024-12-20,Theft,Online,138770,124893,Pending,Low,Yes,Yes,Yes,31,,45,2025-01-10,,Apollo,Hyderabad,TS
CL00201,P0162,2025-01-01,2024-12-20,Medical,Online,445099,400589,Approved,High,Yes,Yes,Yes,45,445099,28,2025-01-10,,City Garage,Hyderabad,TS
CL00202,P0092,2025-01-01,2024-12-20,Theft,Online,37833,34049, approved ,Low,Yes,Yes,No,97,,55,2025-01-10,,City Garage,Hyderabad,TS
CL00203,P0714,2025-01-01,2024-12-20,Fire,Online,215944,194349,Approved,Low,Yes,Yes,Yes,6,215944,47,2025-01-10,,Apollo,Hyderabad,TS
CL00204,P0640,2025-01-01,2024-12-20,Fire,Online,330836,297752,Approved,Medium,Yes,Yes,Yes,52,330836,36,2025-01-10,,City Garage,Hyderabad,TS
CL00205,P0563,2025-01-01,2024-12-20,Theft,Online,346464,311817,Rejected,Medium,Yes,Yes,No,14,,40,2025-01-10,,City Garage,Hyderabad,TS
CL00206,P0140,2025-01-01,2024-12-20,Fire,Online,113228,101905,Rejected,High,Yes,Yes,Yes,44,,42,2025-01-10,,Apollo,Hyderabad,TS
CL00207,P0649,2025-01-01,2024-12-20,Fire,Online,312577,281319,Approved,High,Yes,Yes,No,9,312577,14,2025-01-10,,City Garage,Hyderabad,TS
CL00208,P0377,2025-01-01,2024-12-20,Accident,Online,103516,93164,Rejected,High,Yes,Yes,Yes,9,,18,2025-01-10,,City Garage,Hyderabad,TS
CL00209,P0820,2025-01-01,2024-12-20,Accident,Online,325789,293210,Pending,Low,Yes,Yes,Yes,0,,25,2025-01-10,,Apollo,Hyderabad,TS
CL00210,P0205,2025-01-01,2024-12-20,Fire,Online,195510,175959,Pending,Medium,Yes,Yes,Yes,40,,11,2025-01-10,,Apollo,Hyderabad,TS
CL00211,P0528,2025-01-01,2024-12-20,Accident,Online,141949,127754,Pending,Low,Yes,Yes,Yes,99,,49,2025-01-10,,City Garage,Hyderabad,TS
CL00212,P0865,2025-01-01,2024-12-20,Fire,Online,468239,421415,Approved,Medium,Yes,Yes,No,7,468239,7,2025-01-10,,City Garage,Hyderabad,TS
CL00213,P0819,2025-01-01,2024-12-20,Fire,Online,219046,197141,Pending,High,Yes,Yes,Yes,85,,35,2025-01-10,,City Garage,Hyderabad,TS
CL00214,P0271,2025-01-01,2024-12-20,Theft,Online,419524,377571,Approved,Low,Yes,Yes,No,0,419524,42,2025-01-10,,Apollo,Hyderabad,TS
CL00215,P0488,2025-01-01,2024-12-20,Fire,Online,481292,433162,Approved,Medium,Yes,Yes,No,28,481292,35,2025-01-10,,City Garage,Hyderabad,TS
CL00216,P0617,2025-01-01,2024-12-20,Accident,Online,280205,252184, approved ,Low,Yes,Yes,No,10,,5,2025-01-10,,Apollo,Hyderabad,TS
CL00217,P0588,2025-01-01,2024-12-20,Theft,Online,413465,372118,Approved,Low,Yes,Yes,No,22,413465,45,2025-01-10,,Apollo,Hyderabad,TS
CL00218,P0865,2025-01-01,2024-12-20,Theft,Online,123163,110846,Pending,Low,Yes,Yes,No,2,,20,2025-01-10,,Apollo,Hyderabad,TS
CL00219,P0106,2025-01-01,2024-12-20,Medical,Online,229444,206499,Rejected,High,Yes,Yes,No,16,,39,2025-01-10,,Apollo,Hyderabad,TS
CL00220,P0462,2025-01-01,2024-12-20,Accident,Online,140234,126210, approved ,High,Yes,Yes,Yes,53,,44,2025-01-10,,Apollo,Hyderabad,TS
CL00221,P0932,2025-01-01,2024-12-20,Fire,Online,272208,244987,Pending,Medium,Yes,Yes,Yes,23,,24,2025-01-10,,Apollo,Hyderabad,TS
CL00222,P0632,2025-01-01,2024-12-20,Fire,Online,230606,207545,Pending,High,Yes,Yes,Yes,70,,43,2025-01-10,,City Garage,Hyderabad,TS
CL00223,P0162,2025-01-01,2024-12-20,Fire,Online,314095,282685,Pending,Medium,Yes,Yes,No,49,,6,2025-01-10,,City Garage,Hyderabad,TS
CL00224,P0596,2025-01-01,2024-12-20,Fire,Online,431654,388488,Rejected,Medium,Yes,Yes,Yes,14,,15,2025-01-10,,City Garage,Hyderabad,TS
CL00225,P0815,2025-01-01,2024-12-20,Accident,Online,88467,79620,Pending,High,Yes,Yes,Yes,69,,11,2025-01-10,,City Garage,Hyderabad,TS
CL00226,P0680,2025-01-01,2024-12-20,Accident,Online,253862,228475, approved ,Medium,Yes,Yes,Yes,2,,42,2025-01-10,,City Garage,Hyderabad,TS
CL00227,P0777,2025-01-01,2024-12-20,Medical,Online,164666,148199,Pending,High,Yes,Yes,No,19,,42,2025-01-10,,City Garage,Hyderabad,TS
CL00228,P0689,2025-01-01,2024-12-20,Medical,Online,370132,333118,Pending,Medium,Yes,Yes,Yes,60,,49,2025-01-10,,City Garage,Hyderabad,TS
CL00229,P0189,2025-01-01,2024-12-20,Fire,Online,229893,206903,Pending,Medium,Yes,Yes,Yes,55,,17,2025-01-10,,Apollo,Hyderabad,TS
CL00230,P0096,2025-01-01,2024-12-20,Medical,Online,216529,194876,Rejected,Low,Yes,Yes,No,68,,21,2025-01-10,,Apollo,Hyderabad,TS
CL00231,P0738,2025-01-01,2024-12-20,Medical,Online,71063,63956, approved ,Low,Yes,Yes,Yes,8,,17,2025-01-10,,Apollo,Hyderabad,TS
CL00232,P0785,2025-01-01,2024-12-20,Medical,Online,324400,291960,Approved,Medium,Yes,Yes,No,80,324400,34,2025-01-10,,City Garage,Hyderabad,TS
CL00233,P0462,2025-01-01,2024-12-20,Fire,Online,195057,175551,Approved,High,Yes,Yes,No,57,195057,30,2025-01-10,,Apollo,Hyderabad,TS
CL00234,P0675,2025-01-01,2024-12-20,Medical,Online,35988,32389,Pending,Medium,Yes,Yes,No,14,,22,2025-01-10,,Apollo,Hyderabad,TS
CL00235,P0016,2025-01-01,2024-12-20,Theft,Online,133892,120502,Rejected,Low,Yes,Yes,No,81,,60,2025-01-10,,City Garage,Hyderabad,TS
CL00236,P0097,2025-01-01,2024-12-20,Theft,Online,340757,306681, approved ,Medium,Yes,Yes,Yes,69,,58,2025-01-10,,Apollo,Hyderabad,TS
CL00237,P0048,2025-01-01,2024-12-20,Theft,Online,449049,404144,Pending,Low,Yes,Yes,Yes,98,,28,2025-01-10,,Apollo,Hyderabad,TS
CL00238,P0259,2025-01-01,2024-12-20,Fire,Online,229352,206416,Pending,High,Yes,Yes,Yes,67,,34,2025-01-10,,City Garage,Hyderabad,TS
CL00239,P0255,2025-01-01,2024-12-20,Medical,Online,404041,363636,Rejected,High,Yes,Yes,Yes,67,,56,2025-01-10,,City Garage,Hyderabad,TS
CL00240,P0274,2025-01-01,2024-12-20,Theft,Online,403748,363373, approved ,High,Yes,Yes,Yes,2,,60,2025-01-10,,City Garage,Hyderabad,TS
CL00241,P0353,2025-01-01,2024-12-20,Fire,Online,66963,60266,Pending,Low,Yes,Yes,No,52,,60,2025-01-10,,Apollo,Hyderabad,TS
CL00242,P0068,2025-01-01,2024-12-20,Medical,Online,16211,14589,Approved,High,Yes,Yes,Yes,16,16211,24,2025-01-10,,Apollo,Hyderabad,TS
CL00243,P0678,2025-01-01,2024-12-20,Accident,Online,245464,220917,Pending,Low,Yes,Yes,Yes,39,,57,2025-01-10,,City Garage,Hyderabad,TS
CL00244,P0010,2025-01-01,2024-12-20,Medical,Online,38812,34930,Pending,Medium,Yes,Yes,Yes,61,,18,2025-01-10,,Apollo,Hyderabad,TS
CL00245,P0719,2025-01-01,2024-12-20,Theft,Online,418467,376620,Pending,High,Yes,Yes,Yes,81,,5,2025-01-10,,City Garage,Hyderabad,TS
CL00246,P0153,2025-01-01,2024-12-20,Medical,Online,59910,53919, approved ,Medium,Yes,Yes,No,73,,20,2025-01-10,,Apollo,Hyderabad,TS
CL00247,P0840,2025-01-01,2024-12-20,Medical,Online,389573,350615, approved ,Medium,Yes,Yes,Yes,0,,47,2025-01-10,,City Garage,Hyderabad,TS
CL00248,P0609,2025-01-01,2024-12-20,Fire,Online,81762,73585,Rejected,Medium,Yes,Yes,No,41,,46,2025-01-10,,City Garage,Hyderabad,TS
CL00249,P0577,2025-01-01,2024-12-20,Medical,Online,182135,163921, approved ,High,Yes,Yes,No,24,,57,2025-01-10,,Apollo,Hyderabad,TS
CL00250,P0026,2025-01-01,2024-12-20,Medical,Online,36984,33285,Approved,Medium,Yes,Yes,No,84,36984,28,2025-01-10,,City Garage,Hyderabad,TS
CL00251,P0581,2025-01-01,2024-12-20,Theft,Online,484310,435879,Approved,Medium,Yes,Yes,No,26,484310,21,2025-01-10,,Apollo,Hyderabad,TS
CL00252,P0875,2025-01-01,2024-12-20,Theft,Online,380296,342266, approved ,High,Yes,Yes,Yes,74,,21,2025-01-10,,Apollo,Hyderabad,TS
CL00253,P0070,2025-01-01,2024-12-20,Fire,Online,471433,424289,Pending,Low,Yes,Yes,No,35,,32,2025-01-10,,City Garage,Hyderabad,TS
CL00254,P0496,2025-01-01,2024-12-20,Medical,Online,353572,318214,Approved,High,Yes,Yes,No,73,353572,24,2025-01-10,,Apollo,Hyderabad,TS
CL00255,P0621,2025-01-01,2024-12-20,Accident,Online,386762,348085, approved ,Low,Yes,Yes,Yes,100,,3,2025-01-10,,Apollo,Hyderabad,TS
CL00256,P0287,2025-01-01,2024-12-20,Fire,Online,181669,163502,Approved,Low,Yes,Yes,Yes,19,181669,21,2025-01-10,,City Garage,Hyderabad,TS
CL00257,P0051,2025-01-01,2024-12-20,Theft,Online,191117,172005,Pending,Low,Yes,Yes,Yes,55,,59,2025-01-10,,Apollo,Hyderabad,TS
CL00258,P0989,2025-01-01,2024-12-20,Fire,Online,430810,387729,Rejected,High,Yes,Yes,No,25,,58,2025-01-10,,Apollo,Hyderabad,TS
CL00259,P0439,2025-01-01,2024-12-20,Medical,Online,120371,108333, approved ,High,Yes,Yes,No,19,,54,2025-01-10,,City Garage,Hyderabad,TS
CL00260,P0351,2025-01-01,2024-12-20,Fire,Online,421011,378909,Pending,Medium,Yes,Yes,Yes,13,,8,2025-01-10,,Apollo,Hyderabad,TS
CL00261,P0022,2025-01-01,2024-12-20,Theft,Online,316591,284931,Approved,Low,Yes,Yes,Yes,96,316591,18,2025-01-10,,Apollo,Hyderabad,TS
CL00262,P0672,2025-01-01,2024-12-20,Medical,Online,311870,280683,Rejected,Low,Yes,Yes,No,23,,12,2025-01-10,,City Garage,Hyderabad,TS
CL00263,P0201,2025-01-01,2024-12-20,Accident,Online,348479,313631,Approved,Low,Yes,Yes,Yes,45,348479,10,2025-01-10,,Apollo,Hyderabad,TS
CL00264,P0867,2025-01-01,2024-12-20,Accident,Online,30431,27387, approved ,Low,Yes,Yes,Yes,13,,30,2025-01-10,,City Garage,Hyderabad,TS
CL00265,P0148,2025-01-01,2024-12-20,Theft,Online,133259,119933,Approved,Low,Yes,Yes,No,14,133259,14,2025-01-10,,City Garage,Hyderabad,TS
CL00266,P0065,2025-01-01,2024-12-20,Theft,Online,183083,164774,Approved,Medium,Yes,Yes,No,4,183083,3,2025-01-10,,Apollo,Hyderabad,TS
CL00267,P0053,2025-01-01,2024-12-20,Accident,Online,15154,13638,Approved,High,Yes,Yes,Yes,55,15154,46,2025-01-10,,Apollo,Hyderabad,TS
CL00268,P0856,2025-01-01,2024-12-20,Medical,Online,39563,35606,Rejected,High,Yes,Yes,No,15,,13,2025-01-10,,City Garage,Hyderabad,TS
CL00269,P0239,2025-01-01,2024-12-20,Accident,Online,144974,130476,Rejected,High,Yes,Yes,No,25,,30,2025-01-10,,City Garage,Hyderabad,TS
CL00270,P0689,2025-01-01,2024-12-20,Accident,Online,374893,337403,Rejected,Medium,Yes,Yes,No,66,,11,2025-01-10,,City Garage,Hyderabad,TS
CL00271,P0261,2025-01-01,2024-12-20,Medical,Online,237770,213993,Rejected,High,Yes,Yes,Yes,47,,11,2025-01-10,,City Garage,Hyderabad,TS
CL00272,P0546,2025-01-01,2024-12-20,Fire,Online,9642,8677,Approved,High,Yes,Yes,No,0,9642,29,2025-01-10,,Apollo,Hyderabad,TS
CL00273,P0727,2025-01-01,2024-12-20,Fire,Online,51496,46346,Pending,Medium,Yes,Yes,No,13,,12,2025-01-10,,Apollo,Hyderabad,TS
CL00274,P0236,2025-01-01,2024-12-20,Medical,Online,132348,119113,Pending,Medium,Yes,Yes,No,5,,53,2025-01-10,,Apollo,Hyderabad,TS
CL00275,P0716,2025-01-01,2024-12-20,Medical,Online,234421,210978,Approved,Low,Yes,Yes,No,91,234421,40,2025-01-10,,City Garage,Hyderabad,TS
CL00276,P0828,2025-01-01,2024-12-20,Accident,Online,48998,44098, approved ,Medium,Yes,Yes,Yes,31,,60,2025-01-10,,Apollo,Hyderabad,TS
CL00277,P0651,2025-01-01,2024-12-20,Accident,Online,17055,15349,Pending,High,Yes,Yes,Yes,73,,39,2025-01-10,,Apollo,Hyderabad,TS
CL00278,P0882,2025-01-01,2024-12-20,Medical,Online,333659,300293,Pending,Low,Yes,Yes,Yes,63,,50,2025-01-10,,Apollo,Hyderabad,TS
CL00279,P0252,2025-01-01,2024-12-20,Fire,Online,438392,394552,Approved,Low,Yes,Yes,Yes,31,438392,9,2025-01-10,,City Garage,Hyderabad,TS
CL00280,P0109,2025-01-01,2024-12-20,Accident,Online,272571,245313,Approved,Low,Yes,Yes,Yes,26,272571,5,2025-01-10,,Apollo,Hyderabad,TS
CL00281,P0734,2025-01-01,2024-12-20,Medical,Online,93357,84021,Pending,High,Yes,Yes,No,63,,16,2025-01-10,,City Garage,Hyderabad,TS
CL00282,P0904,2025-01-01,2024-12-20,Accident,Online,482554,434298,Rejected,Medium,Yes,Yes,Yes,10,,7,2025-01-10,,Apollo,Hyderabad,TS
CL00283,P0798,2025-01-01,2024-12-20,Accident,Online,49096,44186,Rejected,Medium,Yes,Yes,Yes,63,,42,2025-01-10,,City Garage,Hyderabad,TS
CL00284,P0674,2025-01-01,2024-12-20,Accident,Online,189948,170953,Approved,High,Yes,Yes,No,67,189948,15,2025-01-10,,City Garage,Hyderabad,TS
CL00285,P0400,2025-01-01,2024-12-20,Accident,Online,429108,386197,Pending,Medium,Yes,Yes,Yes,33,,1,2025-01-10,,Apollo,Hyderabad,TS
CL00286,P0274,2025-01-01,2024-12-20,Theft,Online,463502,417151,Pending,Medium,Yes,Yes,Yes,63,,45,2025-01-10,,City Garage,Hyderabad,TS
CL00287,P0616,2025-01-01,2024-12-20,Fire,Online,81390,73251, approved ,High,Yes,Yes,No,92,,43,2025-01-10,,City Garage,Hyderabad,TS
CL00288,P0797,2025-01-01,2024-12-20,Fire,Online,43083,38774,Pending,Low,Yes,Yes,No,89,,14,2025-01-10,,Apollo,Hyderabad,TS
CL00289,P0358,2025-01-01,2024-12-20,Theft,Online,218333,196499,Approved,Low,Yes,Yes,Yes,72,218333,51,2025-01-10,,City Garage,Hyderabad,TS
CL00290,P0668,2025-01-01,2024-12-20,Accident,Online,335189,301670,Approved,Low,Yes,Yes,No,13,335189,50,2025-01-10,,City Garage,Hyderabad,TS
CL00291,P0820,2025-01-01,2024-12-20,Fire,Online,429728,386755,Rejected,High,Yes,Yes,No,37,,43,2025-01-10,,City Garage,Hyderabad,TS
CL00292,P0447,2025-01-01,2024-12-20,Theft,Online,141413,127271, approved ,Medium,Yes,Yes,Yes,61,,16,2025-01-10,,City Garage,Hyderabad,TS
CL00293,P0596,2025-01-01,2024-12-20,Theft,Online,49695,44725,Pending,High,Yes,Yes,No,9,,32,2025-01-10,,City Garage,Hyderabad,TS
CL00294,P0733,2025-01-01,2024-12-20,Theft,Online,425448,382903,Approved,Low,Yes,Yes,No,65,425448,23,2025-01-10,,Apollo,Hyderabad,TS
CL00295,P0361,2025-01-01,2024-12-20,Medical,Online,143173,128855,Rejected,High,Yes,Yes,Yes,33,,18,2025-01-10,,City Garage,Hyderabad,TS
CL00296,P0142,2025-01-01,2024-12-20,Fire,Online,423351,381015,Rejected,High,Yes,Yes,No,95,,52,2025-01-10,,Apollo,Hyderabad,TS
CL00297,P0498,2025-01-01,2024-12-20,Accident,Online,399156,359240,Pending,High,Yes,Yes,No,78,,29,2025-01-10,,City Garage,Hyderabad,TS
CL00298,P0941,2025-01-01,2024-12-20,Fire,Online,178933,161039,Approved,Medium,Yes,Yes,Yes,8,178933,13,2025-01-10,,Apollo,Hyderabad,TS
CL00299,P0731,2025-01-01,2024-12-20,Theft,Online,289239,260315,Rejected,Medium,Yes,Yes,Yes,21,,18,2025-01-10,,Apollo,Hyderabad,TS
CL00300,P0948,2025-01-01,2024-12-20,Theft,Online,9339,8405,Approved,Medium,Yes,Yes,Yes,79,9339,39,2025-01-10,,City Garage,Hyderabad,TS
CL00301,P0201,2025-01-01,2024-12-20,Theft,Online,191819,172637,Pending,Medium,Yes,Yes,Yes,76,,51,2025-01-10,,City Garage,Hyderabad,TS
CL00302,P0886,2025-01-01,2024-12-20,Medical,Online,126285,113656, approved ,Low,Yes,Yes,No,27,,41,2025-01-10,,City Garage,Hyderabad,TS
CL00303,P0601,2025-01-01,2024-12-20,Accident,Online,251197,226077, approved ,Low,Yes,Yes,No,34,,33,2025-01-10,,City Garage,Hyderabad,TS
CL00304,P0852,2025-01-01,2024-12-20,Medical,Online,275166,247649, approved ,Medium,Yes,Yes,No,50,,13,2025-01-10,,City Garage,Hyderabad,TS
CL00305,P0948,2025-01-01,2024-12-20,Theft,Online,250788,225709,Approved,Low,Yes,Yes,No,12,250788,37,2025-01-10,,City Garage,Hyderabad,TS
CL00306,P0259,2025-01-01,2024-12-20,Accident,Online,161144,145029, approved ,Low,Yes,Yes,No,34,,7,2025-01-10,,City Garage,Hyderabad,TS
CL00307,P0500,2025-01-01,2024-12-20,Theft,Online,366654,329988,Approved,High,Yes,Yes,No,83,366654,49,2025-01-10,,Apollo,Hyderabad,TS
CL00308,P0266,2025-01-01,2024-12-20,Medical,Online,185205,166684, approved ,Medium,Yes,Yes,Yes,37,,18,2025-01-10,,City Garage,Hyderabad,TS
CL00309,P0815,2025-01-01,2024-12-20,Accident,Online,17549,15794,Approved,Medium,Yes,Yes,Yes,77,17549,12,2025-01-10,,City Garage,Hyderabad,TS
CL00310,P0216,2025-01-01,2024-12-20,Accident,Online,41812,37630,Pending,Low,Yes,Yes,Yes,11,,17,2025-01-10,,Apollo,Hyderabad,TS
CL00311,P0747,2025-01-01,2024-12-20,Accident,Online,368925,332032,Approved,High,Yes,Yes,Yes,76,368925,54,2025-01-10,,Apollo,Hyderabad,TS
CL00312,P0244,2025-01-01,2024-12-20,Theft,Online,109170,98253,Rejected,Low,Yes,Yes,Yes,39,,11,2025-01-10,,City Garage,Hyderabad,TS
CL00313,P0344,2025-01-01,2024-12-20,Theft,Online,280194,252174,Rejected,Low,Yes,Yes,No,37,,6,2025-01-10,,Apollo,Hyderabad,TS
CL00314,P0274,2025-01-01,2024-12-20,Accident,Online,351692,316522,Approved,Medium,Yes,Yes,Yes,82,351692,31,2025-01-10,,Apollo,Hyderabad,TS
CL00315,P0424,2025-01-01,2024-12-20,Fire,Online,60127,54114,Pending,Medium,Yes,Yes,Yes,62,,14,2025-01-10,,Apollo,Hyderabad,TS
CL00316,P0928,2025-01-01,2024-12-20,Fire,Online,158310,142479,Rejected,Low,Yes,Yes,No,21,,47,2025-01-10,,Apollo,Hyderabad,TS
CL00317,P0935,2025-01-01,2024-12-20,Medical,Online,278057,250251,Approved,Low,Yes,Yes,No,68,278057,43,2025-01-10,,Apollo,Hyderabad,TS
CL00318,P0627,2025-01-01,2024-12-20,Theft,Online,473947,426552,Approved,High,Yes,Yes,No,23,473947,38,2025-01-10,,Apollo,Hyderabad,TS
CL00319,P0605,2025-01-01,2024-12-20,Accident,Online,189974,170976,Rejected,Low,Yes,Yes,Yes,2,,29,2025-01-10,,City Garage,Hyderabad,TS
CL00320,P0761,2025-01-01,2024-12-20,Theft,Online,23307,20976,Approved,Low,Yes,Yes,No,17,23307,11,2025-01-10,,City Garage,Hyderabad,TS
CL00321,P0406,2025-01-01,2024-12-20,Fire,Online,350818,315736,Pending,High,Yes,Yes,Yes,21,,11,2025-01-10,,City Garage,Hyderabad,TS
CL00322,P0534,2025-01-01,2024-12-20,Fire,Online,107513,96761,Approved,High,Yes,Yes,No,54,107513,56,2025-01-10,,Apollo,Hyderabad,TS
CL00323,P0135,2025-01-01,2024-12-20,Medical,Online,204017,183615,Rejected,Medium,Yes,Yes,No,91,,59,2025-01-10,,Apollo,Hyderabad,TS
CL00324,P0484,2025-01-01,2024-12-20,Medical,Online,470352,423316,Pending,Medium,Yes,Yes,Yes,0,,10,2025-01-10,,Apollo,Hyderabad,TS
CL00325,P0407,2025-01-01,2024-12-20,Fire,Online,213086,191777,Pending,High,Yes,Yes,No,41,,34,2025-01-10,,Apollo,Hyderabad,TS
CL00326,P0159,2025-01-01,2024-12-20,Fire,Online,393621,354258,Pending,High,Yes,Yes,Yes,48,,6,2025-01-10,,City Garage,Hyderabad,TS
CL00327,P0918,2025-01-01,2024-12-20,Accident,Online,351409,316268,Pending,High,Yes,Yes,No,62,,22,2025-01-10,,Apollo,Hyderabad,TS
CL00328,P0194,2025-01-01,2024-12-20,Theft,Online,64388,57949, approved ,Medium,Yes,Yes,Yes,36,,53,2025-01-10,,City Garage,Hyderabad,TS
CL00329,P0583,2025-01-01,2024-12-20,Accident,Online,389144,350229, approved ,High,Yes,Yes,No,2,,5,2025-01-10,,Apollo,Hyderabad,TS
CL00330,P0358,2025-01-01,2024-12-20,Fire,Online,476189,428570,Rejected,Medium,Yes,Yes,No,14,,58,2025-01-10,,Apollo,Hyderabad,TS
CL00331,P0378,2025-01-01,2024-12-20,Accident,Online,231400,208260, approved ,High,Yes,Yes,Yes,0,,34,2025-01-10,,Apollo,Hyderabad,TS
CL00332,P0568,2025-01-01,2024-12-20,Fire,Online,239291,215361,Pending,Low,Yes,Yes,Yes,19,,47,2025-01-10,,Apollo,Hyderabad,TS
CL00333,P0779,2025-01-01,2024-12-20,Theft,Online,333112,299800,Pending,Low,Yes,Yes,Yes,97,,26,2025-01-10,,City Garage,Hyderabad,TS
CL00334,P0367,2025-01-01,2024-12-20,Theft,Online,134044,120639,Pending,High,Yes,Yes,Yes,51,,47,2025-01-10,,Apollo,Hyderabad,TS
CL00335,P0328,2025-01-01,2024-12-20,Theft,Online,282755,254479,Approved,Medium,Yes,Yes,Yes,1,282755,5,2025-01-10,,City Garage,Hyderabad,TS
CL00336,P0588,2025-01-01,2024-12-20,Theft,Online,18508,16657,Pending,High,Yes,Yes,No,19,,27,2025-01-10,,City Garage,Hyderabad,TS
CL00337,P0705,2025-01-01,2024-12-20,Fire,Online,10513,9461,Rejected,Low,Yes,Yes,Yes,100,,22,2025-01-10,,City Garage,Hyderabad,TS
CL00338,P0076,2025-01-01,2024-12-20,Medical,Online,108512,97660,Pending,High,Yes,Yes,Yes,30,,33,2025-01-10,,City Garage,Hyderabad,TS
CL00339,P0133,2025-01-01,2024-12-20,Theft,Online,498193,448373, approved ,High,Yes,Yes,Yes,98,,30,2025-01-10,,Apollo,Hyderabad,TS
CL00340,P0134,2025-01-01,2024-12-20,Accident,Online,30266,27239, approved ,Medium,Yes,Yes,Yes,21,,5,2025-01-10,,Apollo,Hyderabad,TS
CL00341,P0148,2025-01-01,2024-12-20,Theft,Online,121833,109649,Rejected,Low,Yes,Yes,No,29,,5,2025-01-10,,Apollo,Hyderabad,TS
CL00342,P0888,2025-01-01,2024-12-20,Accident,Online,204107,183696,Rejected,Low,Yes,Yes,No,82,,39,2025-01-10,,Apollo,Hyderabad,TS
CL00343,P0190,2025-01-01,2024-12-20,Theft,Online,269900,242910, approved ,High,Yes,Yes,Yes,51,,35,2025-01-10,,City Garage,Hyderabad,TS
CL00344,P0142,2025-01-01,2024-12-20,Medical,Online,452978,407680,Rejected,High,Yes,Yes,No,29,,35,2025-01-10,,Apollo,Hyderabad,TS
CL00345,P0480,2025-01-01,2024-12-20,Medical,Online,163941,147546,Pending,Low,Yes,Yes,Yes,0,,9,2025-01-10,,City Garage,Hyderabad,TS
CL00346,P0332,2025-01-01,2024-12-20,Accident,Online,373262,335935,Pending,Low,Yes,Yes,No,14,,55,2025-01-10,,City Garage,Hyderabad,TS
CL00347,P0130,2025-01-01,2024-12-20,Fire,Online,215734,194160, approved ,High,Yes,Yes,No,20,,21,2025-01-10,,Apollo,Hyderabad,TS
CL00348,P0430,2025-01-01,2024-12-20,Medical,Online,149769,134792,Rejected,Low,Yes,Yes,No,99,,37,2025-01-10,,City Garage,Hyderabad,TS
CL00349,P0330,2025-01-01,2024-12-20,Theft,Online,437751,393975, approved ,Medium,Yes,Yes,No,95,,49,2025-01-10,,City Garage,Hyderabad,TS
CL00350,P0789,2025-01-01,2024-12-20,Theft,Online,6892,6202,Pending,Low,Yes,Yes,No,75,,39,2025-01-10,,City Garage,Hyderabad,TS
CL00351,P0865,2025-01-01,2024-12-20,Medical,Online,192883,173594,Approved,Low,Yes,Yes,Yes,44,192883,14,2025-01-10,,City Garage,Hyderabad,TS
CL00352,P0595,2025-01-01,2024-12-20,Accident,Online,182216,163994,Approved,Medium,Yes,Yes,No,53,182216,49,2025-01-10,,City Garage,Hyderabad,TS
CL00353,P0759,2025-01-01,2024-12-20,Theft,Online,121170,109053,Rejected,High,Yes,Yes,Yes,90,,14,2025-01-10,,City Garage,Hyderabad,TS
CL00354,P0336,2025-01-01,2024-12-20,Accident,Online,224148,201733,Approved,Medium,Yes,Yes,No,74,224148,52,2025-01-10,,Apollo,Hyderabad,TS
CL00355,P0904,2025-01-01,2024-12-20,Fire,Online,100959,90863, approved ,Low,Yes,Yes,Yes,41,,11,2025-01-10,,Apollo,Hyderabad,TS
CL00356,P0106,2025-01-01,2024-12-20,Fire,Online,304146,273731, approved ,Low,Yes,Yes,No,20,,23,2025-01-10,,Apollo,Hyderabad,TS
CL00357,P0733,2025-01-01,2024-12-20,Fire,Online,367345,330610, approved ,Low,Yes,Yes,No,77,,20,2025-01-10,,Apollo,Hyderabad,TS
CL00358,P0487,2025-01-01,2024-12-20,Theft,Online,368478,331630,Rejected,High,Yes,Yes,Yes,35,,44,2025-01-10,,City Garage,Hyderabad,TS
CL00359,P0248,2025-01-01,2024-12-20,Medical,Online,9930,8937,Rejected,High,Yes,Yes,Yes,29,,2,2025-01-10,,Apollo,Hyderabad,TS
CL00360,P0956,2025-01-01,2024-12-20,Medical,Online,465465,418918,Rejected,Medium,Yes,Yes,Yes,77,,57,2025-01-10,,Apollo,Hyderabad,TS
CL00361,P0841,2025-01-01,2024-12-20,Fire,Online,287114,258402,Rejected,Low,Yes,Yes,No,46,,17,2025-01-10,,City Garage,Hyderabad,TS
CL00362,P0079,2025-01-01,2024-12-20,Fire,Online,117673,105905, approved ,High,Yes,Yes,No,31,,55,2025-01-10,,City Garage,Hyderabad,TS
CL00363,P0319,2025-01-01,2024-12-20,Fire,Online,293849,264464,Approved,Medium,Yes,Yes,No,15,293849,57,2025-01-10,,Apollo,Hyderabad,TS
CL00364,P0945,2025-01-01,2024-12-20,Theft,Online,25715,23143,Pending,Low,Yes,Yes,Yes,63,,50,2025-01-10,,City Garage,Hyderabad,TS
CL00365,P0291,2025-01-01,2024-12-20,Fire,Online,268546,241691,Approved,Low,Yes,Yes,No,68,268546,39,2025-01-10,,City Garage,Hyderabad,TS
CL00366,P0337,2025-01-01,2024-12-20,Accident,Online,55727,50154, approved ,High,Yes,Yes,No,64,,32,2025-01-10,,City Garage,Hyderabad,TS
CL00367,P0201,2025-01-01,2024-12-20,Accident,Online,205046,184541,Pending,Low,Yes,Yes,No,71,,55,2025-01-10,,City Garage,Hyderabad,TS
CL00368,P0825,2025-01-01,2024-12-20,Accident,Online,143436,129092,Pending,Medium,Yes,Yes,Yes,85,,12,2025-01-10,,City Garage,Hyderabad,TS
CL00369,P0464,2025-01-01,2024-12-20,Accident,Online,126373,113735,Approved,Medium,Yes,Yes,Yes,90,126373,42,2025-01-10,,Apollo,Hyderabad,TS
CL00370,P0017,2025-01-01,2024-12-20,Accident,Online,64653,58187,Rejected,Medium,Yes,Yes,Yes,73,,20,2025-01-10,,City Garage,Hyderabad,TS
CL00371,P0873,2025-01-01,2024-12-20,Accident,Online,119208,107287,Approved,Low,Yes,Yes,No,12,119208,55,2025-01-10,,City Garage,Hyderabad,TS
CL00372,P0105,2025-01-01,2024-12-20,Theft,Online,450039,405035,Pending,Low,Yes,Yes,Yes,29,,22,2025-01-10,,Apollo,Hyderabad,TS
CL00373,P0597,2025-01-01,2024-12-20,Theft,Online,196256,176630, approved ,High,Yes,Yes,Yes,87,,35,2025-01-10,,City Garage,Hyderabad,TS
CL00374,P0072,2025-01-01,2024-12-20,Theft,Online,168612,151750, approved ,Medium,Yes,Yes,No,54,,55,2025-01-10,,Apollo,Hyderabad,TS
CL00375,P0068,2025-01-01,2024-12-20,Accident,Online,78871,70983, approved ,Low,Yes,Yes,No,56,,31,2025-01-10,,City Garage,Hyderabad,TS
CL00376,P0144,2025-01-01,2024-12-20,Medical,Online,266313,239681, approved ,Low,Yes,Yes,Yes,74,,28,2025-01-10,,City Garage,Hyderabad,TS
CL00377,P0203,2025-01-01,2024-12-20,Medical,Online,108297,97467, approved ,Medium,Yes,Yes,No,87,,53,2025-01-10,,City Garage,Hyderabad,TS
CL00378,P0537,2025-01-01,2024-12-20,Fire,Online,162548,146293,Approved,Medium,Yes,Yes,No,91,162548,51,2025-01-10,,City Garage,Hyderabad,TS
CL00379,P0642,2025-01-01,2024-12-20,Theft,Online,317838,286054, approved ,Low,Yes,Yes,No,99,,13,2025-01-10,,Apollo,Hyderabad,TS
CL00380,P0218,2025-01-01,2024-12-20,Theft,Online,422721,380448,Pending,Medium,Yes,Yes,No,71,,52,2025-01-10,,Apollo,Hyderabad,TS
CL00381,P0804,2025-01-01,2024-12-20,Accident,Online,457787,412008, approved ,Medium,Yes,Yes,Yes,64,,35,2025-01-10,,City Garage,Hyderabad,TS
CL00382,P0188,2025-01-01,2024-12-20,Theft,Online,491835,442651,Approved,Low,Yes,Yes,Yes,53,491835,18,2025-01-10,,City Garage,Hyderabad,TS
CL00383,P0425,2025-01-01,2024-12-20,Medical,Online,138287,124458, approved ,Low,Yes,Yes,Yes,96,,25,2025-01-10,,City Garage,Hyderabad,TS
CL00384,P0662,2025-01-01,2024-12-20,Medical,Online,151435,136291,Approved,High,Yes,Yes,Yes,93,151435,60,2025-01-10,,Apollo,Hyderabad,TS
CL00385,P0504,2025-01-01,2024-12-20,Theft,Online,320892,288802,Approved,Low,Yes,Yes,No,54,320892,31,2025-01-10,,Apollo,Hyderabad,TS
CL00386,P0975,2025-01-01,2024-12-20,Theft,Online,408923,368030,Pending,Medium,Yes,Yes,No,22,,57,2025-01-10,,Apollo,Hyderabad,TS
CL00387,P0775,2025-01-01,2024-12-20,Medical,Online,248820,223938, approved ,Medium,Yes,Yes,No,33,,22,2025-01-10,,City Garage,Hyderabad,TS
CL00388,P0377,2025-01-01,2024-12-20,Accident,Online,404127,363714,Approved,Medium,Yes,Yes,No,80,404127,33,2025-01-10,,City Garage,Hyderabad,TS
CL00389,P0460,2025-01-01,2024-12-20,Theft,Online,214212,192790, approved ,Medium,Yes,Yes,Yes,66,,21,2025-01-10,,City Garage,Hyderabad,TS
CL00390,P0232,2025-01-01,2024-12-20,Accident,Online,333522,300169, approved ,Low,Yes,Yes,Yes,81,,53,2025-01-10,,Apollo,Hyderabad,TS
CL00391,P0939,2025-01-01,2024-12-20,Accident,Online,217367,195630,Rejected,Low,Yes,Yes,No,16,,31,2025-01-10,,Apollo,Hyderabad,TS
CL00392,P0924,2025-01-01,2024-12-20,Medical,Online,74809,67328, approved ,Low,Yes,Yes,No,68,,50,2025-01-10,,Apollo,Hyderabad,TS
CL00393,P0517,2025-01-01,2024-12-20,Accident,Online,362549,326294,Pending,Low,Yes,Yes,No,82,,20,2025-01-10,,City Garage,Hyderabad,TS
CL00394,P0743,2025-01-01,2024-12-20,Theft,Online,326461,293814,Rejected,Medium,Yes,Yes,Yes,10,,4,2025-01-10,,City Garage,Hyderabad,TS
CL00395,P0975,2025-01-01,2024-12-20,Accident,Online,12828,11545,Approved,Low,Yes,Yes,No,87,12828,53,2025-01-10,,Apollo,Hyderabad,TS
CL00396,P0932,2025-01-01,2024-12-20,Medical,Online,401506,361355, approved ,Medium,Yes,Yes,Yes,74,,57,2025-01-10,,Apollo,Hyderabad,TS
CL00397,P0538,2025-01-01,2024-12-20,Accident,Online,429805,386824, approved ,Low,Yes,Yes,No,64,,1,2025-01-10,,City Garage,Hyderabad,TS
CL00398,P0869,2025-01-01,2024-12-20,Accident,Online,273906,246515, approved ,Medium,Yes,Yes,Yes,56,,35,2025-01-10,,Apollo,Hyderabad,TS
CL00399,P0950,2025-01-01,2024-12-20,Theft,Online,351546,316391,Rejected,High,Yes,Yes,No,20,,18,2025-01-10,,City Garage,Hyderabad,TS
CL00400,P0393,2025-01-01,2024-12-20,Fire,Online,301472,271324, approved ,High,Yes,Yes,No,38,,1,2025-01-10,,Apollo,Hyderabad,TS
CL00401,P0274,2025-01-01,2024-12-20,Theft,Online,154989,139490,Approved,Low,Yes,Yes,Yes,37,154989,58,2025-01-10,,Apollo,Hyderabad,TS
CL00402,P0104,2025-01-01,2024-12-20,Medical,Online,473631,426267,Pending,High,Yes,Yes,No,59,,49,2025-01-10,,City Garage,Hyderabad,TS
CL00403,P0025,2025-01-01,2024-12-20,Medical,Online,233915,210523, approved ,Low,Yes,Yes,No,76,,45,2025-01-10,,Apollo,Hyderabad,TS
CL00404,P0414,2025-01-01,2024-12-20,Medical,Online,141767,127590,Rejected,High,Yes,Yes,Yes,95,,58,2025-01-10,,City Garage,Hyderabad,TS
CL00405,P0517,2025-01-01,2024-12-20,Medical,Online,393203,353882,Pending,High,Yes,Yes,Yes,20,,11,2025-01-10,,Apollo,Hyderabad,TS
CL00406,P0758,2025-01-01,2024-12-20,Medical,Online,440086,396077,Rejected,High,Yes,Yes,Yes,30,,33,2025-01-10,,Apollo,Hyderabad,TS
CL00407,P0619,2025-01-01,2024-12-20,Fire,Online,355899,320309,Pending,Medium,Yes,Yes,Yes,68,,6,2025-01-10,,Apollo,Hyderabad,TS
CL00408,P0563,2025-01-01,2024-12-20,Medical,Online,183069,164762,Pending,Low,Yes,Yes,No,27,,5,2025-01-10,,City Garage,Hyderabad,TS
CL00409,P0164,2025-01-01,2024-12-20,Medical,Online,424565,382108,Pending,Low,Yes,Yes,Yes,42,,14,2025-01-10,,City Garage,Hyderabad,TS
CL00410,P0913,2025-01-01,2024-12-20,Fire,Online,232291,209061,Rejected,Low,Yes,Yes,Yes,7,,4,2025-01-10,,Apollo,Hyderabad,TS
CL00411,P0927,2025-01-01,2024-12-20,Fire,Online,391067,351960,Rejected,High,Yes,Yes,No,52,,8,2025-01-10,,Apollo,Hyderabad,TS
CL00412,P0410,2025-01-01,2024-12-20,Accident,Online,270065,243058,Rejected,High,Yes,Yes,No,16,,54,2025-01-10,,City Garage,Hyderabad,TS
CL00413,P0782,2025-01-01,2024-12-20,Fire,Online,403877,363489,Rejected,High,Yes,Yes,No,46,,58,2025-01-10,,Apollo,Hyderabad,TS
CL00414,P0269,2025-01-01,2024-12-20,Fire,Online,44022,39619,Pending,Low,Yes,Yes,Yes,8,,33,2025-01-10,,City Garage,Hyderabad,TS
CL00415,P0641,2025-01-01,2024-12-20,Medical,Online,440764,396687, approved ,Low,Yes,Yes,Yes,68,,21,2025-01-10,,Apollo,Hyderabad,TS
CL00416,P0718,2025-01-01,2024-12-20,Medical,Online,27117,24405,Approved,Medium,Yes,Yes,Yes,69,27117,1,2025-01-10,,Apollo,Hyderabad,TS
CL00417,P0717,2025-01-01,2024-12-20,Accident,Online,113186,101867, approved ,High,Yes,Yes,No,2,,54,2025-01-10,,Apollo,Hyderabad,TS
CL00418,P0718,2025-01-01,2024-12-20,Medical,Online,53372,48034,Pending,Low,Yes,Yes,No,83,,17,2025-01-10,,City Garage,Hyderabad,TS
CL00419,P0539,2025-01-01,2024-12-20,Accident,Online,482581,434322,Approved,Low,Yes,Yes,No,34,482581,40,2025-01-10,,City Garage,Hyderabad,TS
CL00420,P0428,2025-01-01,2024-12-20,Accident,Online,260009,234008,Approved,Low,Yes,Yes,Yes,65,260009,10,2025-01-10,,Apollo,Hyderabad,TS
CL00421,P0200,2025-01-01,2024-12-20,Fire,Online,217254,195528,Pending,Medium,Yes,Yes,No,77,,24,2025-01-10,,Apollo,Hyderabad,TS
CL00422,P0997,2025-01-01,2024-12-20,Fire,Online,455167,409650, approved ,Low,Yes,Yes,No,47,,13,2025-01-10,,Apollo,Hyderabad,TS
CL00423,P0420,2025-01-01,2024-12-20,Medical,Online,46893,42203,Rejected,Low,Yes,Yes,No,62,,51,2025-01-10,,City Garage,Hyderabad,TS
CL00424,P0847,2025-01-01,2024-12-20,Medical,Online,460824,414741,Approved,Low,Yes,Yes,Yes,20,460824,22,2025-01-10,,Apollo,Hyderabad,TS
CL00425,P0848,2025-01-01,2024-12-20,Theft,Online,108022,97219,Rejected,Low,Yes,Yes,Yes,100,,25,2025-01-10,,City Garage,Hyderabad,TS
CL00426,P0042,2025-01-01,2024-12-20,Theft,Online,319291,287361,Approved,High,Yes,Yes,Yes,47,319291,28,2025-01-10,,City Garage,Hyderabad,TS
CL00427,P0753,2025-01-01,2024-12-20,Accident,Online,10216,9194,Pending,Low,Yes,Yes,Yes,18,,25,2025-01-10,,City Garage,Hyderabad,TS
CL00428,P0685,2025-01-01,2024-12-20,Medical,Online,318514,286662, approved ,High,Yes,Yes,Yes,80,,33,2025-01-10,,Apollo,Hyderabad,TS
CL00429,P0429,2025-01-01,2024-12-20,Fire,Online,249504,224553,Pending,Medium,Yes,Yes,No,15,,8,2025-01-10,,City Garage,Hyderabad,TS
CL00430,P0452,2025-01-01,2024-12-20,Accident,Online,94081,84672,Rejected,Medium,Yes,Yes,No,32,,2,2025-01-10,,Apollo,Hyderabad,TS
CL00431,P0070,2025-01-01,2024-12-20,Theft,Online,393067,353760, approved ,Medium,Yes,Yes,No,52,,46,2025-01-10,,City Garage,Hyderabad,TS
CL00432,P0517,2025-01-01,2024-12-20,Theft,Online,305402,274861,Approved,Medium,Yes,Yes,No,41,305402,37,2025-01-10,,City Garage,Hyderabad,TS
CL00433,P0987,2025-01-01,2024-12-20,Accident,Online,291616,262454,Pending,Low,Yes,Yes,Yes,79,,25,2025-01-10,,Apollo,Hyderabad,TS
CL00434,P0243,2025-01-01,2024-12-20,Accident,Online,292460,263214,Rejected,High,Yes,Yes,Yes,34,,12,2025-01-10,,City Garage,Hyderabad,TS
CL00435,P0777,2025-01-01,2024-12-20,Accident,Online,32126,28913,Rejected,Medium,Yes,Yes,No,48,,11,2025-01-10,,Apollo,Hyderabad,TS
CL00436,P0075,2025-01-01,2024-12-20,Fire,Online,407075,366367,Rejected,Medium,Yes,Yes,Yes,50,,51,2025-01-10,,City Garage,Hyderabad,TS
CL00437,P0811,2025-01-01,2024-12-20,Theft,Online,148069,133262, approved ,High,Yes,Yes,Yes,72,,18,2025-01-10,,City Garage,Hyderabad,TS
CL00438,P0174,2025-01-01,2024-12-20,Fire,Online,121147,109032,Pending,Low,Yes,Yes,Yes,97,,43,2025-01-10,,City Garage,Hyderabad,TS
CL00439,P0115,2025-01-01,2024-12-20,Fire,Online,106138,95524, approved ,High,Yes,Yes,Yes,85,,60,2025-01-10,,Apollo,Hyderabad,TS
CL00440,P0634,2025-01-01,2024-12-20,Accident,Online,363327,326994,Approved,Medium,Yes,Yes,No,24,363327,38,2025-01-10,,Apollo,Hyderabad,TS
CL00441,P0003,2025-01-01,2024-12-20,Theft,Online,471990,424791,Approved,High,Yes,Yes,Yes,83,471990,38,2025-01-10,,Apollo,Hyderabad,TS
CL00442,P0149,2025-01-01,2024-12-20,Accident,Online,280377,252339, approved ,Medium,Yes,Yes,Yes,12,,47,2025-01-10,,City Garage,Hyderabad,TS
CL00443,P0594,2025-01-01,2024-12-20,Theft,Online,375412,337870,Approved,Medium,Yes,Yes,Yes,94,375412,42,2025-01-10,,Apollo,Hyderabad,TS
CL00444,P0168,2025-01-01,2024-12-20,Accident,Online,93655,84289, approved ,Medium,Yes,Yes,Yes,99,,9,2025-01-10,,Apollo,Hyderabad,TS
CL00445,P0454,2025-01-01,2024-12-20,Accident,Online,361485,325336,Approved,High,Yes,Yes,Yes,92,361485,29,2025-01-10,,Apollo,Hyderabad,TS
CL00446,P0575,2025-01-01,2024-12-20,Accident,Online,280261,252234,Rejected,Medium,Yes,Yes,No,74,,29,2025-01-10,,City Garage,Hyderabad,TS
CL00447,P0750,2025-01-01,2024-12-20,Theft,Online,340450,306405,Approved,Low,Yes,Yes,No,59,340450,47,2025-01-10,,Apollo,Hyderabad,TS
CL00448,P0347,2025-01-01,2024-12-20,Accident,Online,421049,378944,Rejected,Low,Yes,Yes,Yes,34,,14,2025-01-10,,Apollo,Hyderabad,TS
CL00449,P0149,2025-01-01,2024-12-20,Accident,Online,241314,217182,Pending,Low,Yes,Yes,No,71,,45,2025-01-10,,City Garage,Hyderabad,TS
CL00450,P0321,2025-01-01,2024-12-20,Accident,Online,18214,16392,Rejected,Medium,Yes,Yes,No,79,,22,2025-01-10,,Apollo,Hyderabad,TS
CL00451,P0092,2025-01-01,2024-12-20,Fire,Online,455179,409661, approved ,Low,Yes,Yes,Yes,92,,58,2025-01-10,,Apollo,Hyderabad,TS
CL00452,P0110,2025-01-01,2024-12-20,Fire,Online,213554,192198,Approved,Low,Yes,Yes,Yes,32,213554,44,2025-01-10,,Apollo,Hyderabad,TS
CL00453,P0202,2025-01-01,2024-12-20,Accident,Online,408599,367739,Rejected,Medium,Yes,Yes,Yes,28,,4,2025-01-10,,City Garage,Hyderabad,TS
CL00454,P0875,2025-01-01,2024-12-20,Fire,Online,136445,122800,Rejected,Low,Yes,Yes,No,3,,21,2025-01-10,,Apollo,Hyderabad,TS
CL00455,P0836,2025-01-01,2024-12-20,Fire,Online,209638,188674,Approved,Medium,Yes,Yes,Yes,9,209638,26,2025-01-10,,City Garage,Hyderabad,TS
CL00456,P0175,2025-01-01,2024-12-20,Accident,Online,360080,324072, approved ,Medium,Yes,Yes,Yes,16,,59,2025-01-10,,City Garage,Hyderabad,TS
CL00457,P0157,2025-01-01,2024-12-20,Fire,Online,23707,21336,Approved,Medium,Yes,Yes,Yes,51,23707,16,2025-01-10,,Apollo,Hyderabad,TS
CL00458,P0201,2025-01-01,2024-12-20,Theft,Online,194432,174988,Approved,High,Yes,Yes,No,4,194432,29,2025-01-10,,Apollo,Hyderabad,TS
CL00459,P0919,2025-01-01,2024-12-20,Medical,Online,33046,29741, approved ,Medium,Yes,Yes,No,21,,27,2025-01-10,,City Garage,Hyderabad,TS
CL00460,P0352,2025-01-01,2024-12-20,Theft,Online,404721,364248,Rejected,Low,Yes,Yes,Yes,39,,41,2025-01-10,,City Garage,Hyderabad,TS
CL00461,P0271,2025-01-01,2024-12-20,Theft,Online,270691,243621,Pending,Low,Yes,Yes,No,34,,57,2025-01-10,,Apollo,Hyderabad,TS
CL00462,P0017,2025-01-01,2024-12-20,Accident,Online,309575,278617, approved ,Medium,Yes,Yes,No,55,,47,2025-01-10,,Apollo,Hyderabad,TS
CL00463,P0815,2025-01-01,2024-12-20,Medical,Online,227280,204552,Approved,Medium,Yes,Yes,Yes,60,227280,16,2025-01-10,,Apollo,Hyderabad,TS
CL00464,P0043,2025-01-01,2024-12-20,Fire,Online,309362,278425, approved ,High,Yes,Yes,No,57,,5,2025-01-10,,City Garage,Hyderabad,TS
CL00465,P0588,2025-01-01,2024-12-20,Fire,Online,370912,333820,Rejected,Low,Yes,Yes,Yes,41,,7,2025-01-10,,City Garage,Hyderabad,TS
CL00466,P0593,2025-01-01,2024-12-20,Theft,Online,120301,108270,Approved,High,Yes,Yes,Yes,67,120301,10,2025-01-10,,City Garage,Hyderabad,TS
CL00467,P0157,2025-01-01,2024-12-20,Theft,Online,397151,357435, approved ,Medium,Yes,Yes,Yes,10,,5,2025-01-10,,Apollo,Hyderabad,TS
CL00468,P0151,2025-01-01,2024-12-20,Fire,Online,89983,80984,Rejected,Medium,Yes,Yes,No,44,,3,2025-01-10,,Apollo,Hyderabad,TS
CL00469,P0698,2025-01-01,2024-12-20,Medical,Online,106275,95647,Approved,Low,Yes,Yes,No,99,106275,9,2025-01-10,,City Garage,Hyderabad,TS
CL00470,P0621,2025-01-01,2024-12-20,Fire,Online,49243,44318,Rejected,High,Yes,Yes,No,86,,33,2025-01-10,,City Garage,Hyderabad,TS
CL00471,P0705,2025-01-01,2024-12-20,Accident,Online,193598,174238, approved ,Medium,Yes,Yes,No,50,,9,2025-01-10,,City Garage,Hyderabad,TS
CL00472,P0945,2025-01-01,2024-12-20,Accident,Online,82035,73831,Approved,Low,Yes,Yes,No,89,82035,28,2025-01-10,,City Garage,Hyderabad,TS
CL00473,P0250,2025-01-01,2024-12-20,Medical,Online,96734,87060,Approved,High,Yes,Yes,No,71,96734,11,2025-01-10,,Apollo,Hyderabad,TS
CL00474,P0308,2025-01-01,2024-12-20,Theft,Online,101874,91686, approved ,Medium,Yes,Yes,No,86,,34,2025-01-10,,City Garage,Hyderabad,TS
CL00475,P0566,2025-01-01,2024-12-20,Fire,Online,93381,84042,Approved,High,Yes,Yes,No,32,93381,3,2025-01-10,,Apollo,Hyderabad,TS
CL00476,P0077,2025-01-01,2024-12-20,Theft,Online,220168,198151,Pending,High,Yes,Yes,Yes,50,,22,2025-01-10,,City Garage,Hyderabad,TS
CL00477,P0702,2025-01-01,2024-12-20,Medical,Online,14436,12992, approved ,Low,Yes,Yes,Yes,12,,42,2025-01-10,,Apollo,Hyderabad,TS
CL00478,P0491,2025-01-01,2024-12-20,Theft,Online,445467,400920, approved ,Medium,Yes,Yes,No,63,,37,2025-01-10,,City Garage,Hyderabad,TS
CL00479,P0864,2025-01-01,2024-12-20,Fire,Online,449071,404163,Rejected,High,Yes,Yes,Yes,28,,15,2025-01-10,,City Garage,Hyderabad,TS
CL00480,P0850,2025-01-01,2024-12-20,Fire,Online,202463,182216,Approved,Low,Yes,Yes,No,34,202463,6,2025-01-10,,Apollo,Hyderabad,TS
CL00481,P0147,2025-01-01,2024-12-20,Medical,Online,127307,114576,Rejected,Medium,Yes,Yes,No,1,,6,2025-01-10,,Apollo,Hyderabad,TS
CL00482,P0218,2025-01-01,2024-12-20,Accident,Online,426039,383435,Rejected,Low,Yes,Yes,Yes,85,,37,2025-01-10,,City Garage,Hyderabad,TS
CL00483,P0577,2025-01-01,2024-12-20,Theft,Online,142148,127933,Pending,High,Yes,Yes,No,53,,51,2025-01-10,,City Garage,Hyderabad,TS
CL00484,P0449,2025-01-01,2024-12-20,Fire,Online,275787,248208,Rejected,High,Yes,Yes,No,70,,7,2025-01-10,,Apollo,Hyderabad,TS
CL00485,P0981,2025-01-01,2024-12-20,Fire,Online,328620,295758,Approved,High,Yes,Yes,Yes,66,328620,6,2025-01-10,,Apollo,Hyderabad,TS
CL00486,P0560,2025-01-01,2024-12-20,Fire,Online,392058,352852,Pending,Low,Yes,Yes,Yes,27,,2,2025-01-10,,City Garage,Hyderabad,TS
CL00487,P0258,2025-01-01,2024-12-20,Fire,Online,321224,289101,Rejected,Medium,Yes,Yes,No,65,,36,2025-01-10,,Apollo,Hyderabad,TS
CL00488,P0007,2025-01-01,2024-12-20,Fire,Online,107448,96703,Pending,Medium,Yes,Yes,No,82,,36,2025-01-10,,City Garage,Hyderabad,TS
CL00489,P0418,2025-01-01,2024-12-20,Theft,Online,244449,220004,Rejected,Medium,Yes,Yes,Yes,37,,26,2025-01-10,,Apollo,Hyderabad,TS
CL00490,P0913,2025-01-01,2024-12-20,Accident,Online,475768,428191,Rejected,Medium,Yes,Yes,Yes,19,,52,2025-01-10,,City Garage,Hyderabad,TS
CL00491,P0624,2025-01-01,2024-12-20,Theft,Online,251546,226391, approved ,Medium,Yes,Yes,No,91,,7,2025-01-10,,City Garage,Hyderabad,TS
CL00492,P0880,2025-01-01,2024-12-20,Fire,Online,245946,221351,Approved,High,Yes,Yes,Yes,53,245946,7,2025-01-10,,City Garage,Hyderabad,TS
CL00493,P0955,2025-01-01,2024-12-20,Fire,Online,246222,221599,Approved,High,Yes,Yes,Yes,49,246222,47,2025-01-10,,Apollo,Hyderabad,TS
CL00494,P0093,2025-01-01,2024-12-20,Accident,Online,22815,20533,Approved,Medium,Yes,Yes,No,24,22815,19,2025-01-10,,Apollo,Hyderabad,TS
CL00495,P0955,2025-01-01,2024-12-20,Theft,Online,286964,258267, approved ,Medium,Yes,Yes,No,46,,4,2025-01-10,,City Garage,Hyderabad,TS
CL00496,P0048,2025-01-01,2024-12-20,Medical,Online,172617,155355,Approved,Low,Yes,Yes,Yes,77,172617,27,2025-01-10,,Apollo,Hyderabad,TS
CL00497,P0552,2025-01-01,2024-12-20,Accident,Online,323504,291153, approved ,Low,Yes,Yes,No,86,,36,2025-01-10,,Apollo,Hyderabad,TS
CL00498,P0584,2025-01-01,2024-12-20,Fire,Online,197645,177880, approved ,High,Yes,Yes,Yes,35,,15,2025-01-10,,Apollo,Hyderabad,TS
CL00499,P0294,2025-01-01,2024-12-20,Fire,Online,331284,298155,Approved,Low,Yes,Yes,Yes,96,331284,42,2025-01-10,,Apollo,Hyderabad,TS
CL00500,P0572,2025-01-01,2024-12-20,Medical,Online,77774,69996,Pending,Medium,Yes,Yes,No,14,,5,2025-01-10,,Apollo,Hyderabad,TS
CL00501,P0425,2025-01-01,2024-12-20,Theft,Online,330692,297622,Approved,High,Yes,Yes,No,0,330692,16,2025-01-10,,Apollo,Hyderabad,TS
CL00502,P0324,2025-01-01,2024-12-20,Fire,Online,40395,36355, approved ,High,Yes,Yes,No,56,,36,2025-01-10,,City Garage,Hyderabad,TS
CL00503,P0501,2025-01-01,2024-12-20,Accident,Online,227789,205010,Approved,Low,Yes,Yes,Yes,86,227789,1,2025-01-10,,Apollo,Hyderabad,TS
CL00504,P0106,2025-01-01,2024-12-20,Accident,Online,340642,306577,Pending,Low,Yes,Yes,Yes,99,,19,2025-01-10,,Apollo,Hyderabad,TS
CL00505,P0241,2025-01-01,2024-12-20,Fire,Online,438765,394888,Pending,High,Yes,Yes,No,52,,57,2025-01-10,,Apollo,Hyderabad,TS
CL00506,P0717,2025-01-01,2024-12-20,Fire,Online,133865,120478,Rejected,High,Yes,Yes,Yes,45,,23,2025-01-10,,City Garage,Hyderabad,TS
CL00507,P0117,2025-01-01,2024-12-20,Fire,Online,304437,273993,Rejected,Medium,Yes,Yes,No,34,,27,2025-01-10,,City Garage,Hyderabad,TS
CL00508,P0916,2025-01-01,2024-12-20,Theft,Online,112000,100800,Rejected,Low,Yes,Yes,No,69,,5,2025-01-10,,Apollo,Hyderabad,TS
CL00509,P0572,2025-01-01,2024-12-20,Fire,Online,102792,92512,Rejected,Medium,Yes,Yes,Yes,15,,16,2025-01-10,,Apollo,Hyderabad,TS
CL00510,P0170,2025-01-01,2024-12-20,Fire,Online,223451,201105,Approved,High,Yes,Yes,Yes,10,223451,46,2025-01-10,,Apollo,Hyderabad,TS
CL00511,P0796,2025-01-01,2024-12-20,Theft,Online,394689,355220,Pending,High,Yes,Yes,No,21,,35,2025-01-10,,Apollo,Hyderabad,TS
CL00512,P0044,2025-01-01,2024-12-20,Medical,Online,32303,29072,Rejected,Low,Yes,Yes,No,16,,58,2025-01-10,,Apollo,Hyderabad,TS
CL00513,P0609,2025-01-01,2024-12-20,Theft,Online,282798,254518, approved ,Low,Yes,Yes,No,7,,38,2025-01-10,,City Garage,Hyderabad,TS
CL00514,P0687,2025-01-01,2024-12-20,Accident,Online,349353,314417,Approved,Low,Yes,Yes,Yes,41,349353,40,2025-01-10,,Apollo,Hyderabad,TS
CL00515,P0766,2025-01-01,2024-12-20,Medical,Online,390221,351198,Approved,Medium,Yes,Yes,Yes,44,390221,9,2025-01-10,,Apollo,Hyderabad,TS
CL00516,P0659,2025-01-01,2024-12-20,Fire,Online,89529,80576,Rejected,Low,Yes,Yes,No,5,,12,2025-01-10,,Apollo,Hyderabad,TS
CL00517,P0508,2025-01-01,2024-12-20,Accident,Online,229227,206304,Approved,Low,Yes,Yes,Yes,25,229227,48,2025-01-10,,Apollo,Hyderabad,TS
CL00518,P0688,2025-01-01,2024-12-20,Medical,Online,228596,205736,Rejected,High,Yes,Yes,Yes,19,,59,2025-01-10,,Apollo,Hyderabad,TS
CL00519,P0049,2025-01-01,2024-12-20,Accident,Online,420175,378157,Rejected,Medium,Yes,Yes,No,71,,13,2025-01-10,,Apollo,Hyderabad,TS
CL00520,P0834,2025-01-01,2024-12-20,Fire,Online,439334,395400,Pending,Medium,Yes,Yes,No,42,,55,2025-01-10,,Apollo,Hyderabad,TS
CL00521,P0750,2025-01-01,2024-12-20,Medical,Online,318904,287013, approved ,Medium,Yes,Yes,Yes,9,,54,2025-01-10,,Apollo,Hyderabad,TS
CL00522,P0670,2025-01-01,2024-12-20,Medical,Online,168080,151272, approved ,Medium,Yes,Yes,Yes,23,,7,2025-01-10,,City Garage,Hyderabad,TS
CL00523,P0668,2025-01-01,2024-12-20,Accident,Online,47439,42695,Approved,Low,Yes,Yes,No,74,47439,9,2025-01-10,,City Garage,Hyderabad,TS
CL00524,P0269,2025-01-01,2024-12-20,Theft,Online,36644,32979,Approved,Medium,Yes,Yes,No,92,36644,1,2025-01-10,,Apollo,Hyderabad,TS
CL00525,P0180,2025-01-01,2024-12-20,Medical,Online,22807,20526,Approved,High,Yes,Yes,No,13,22807,3,2025-01-10,,City Garage,Hyderabad,TS
CL00526,P0168,2025-01-01,2024-12-20,Fire,Online,194694,175224, approved ,High,Yes,Yes,No,22,,12,2025-01-10,,City Garage,Hyderabad,TS
CL00527,P0983,2025-01-01,2024-12-20,Fire,Online,393653,354287, approved ,Low,Yes,Yes,Yes,30,,25,2025-01-10,,City Garage,Hyderabad,TS
CL00528,P0376,2025-01-01,2024-12-20,Accident,Online,354118,318706,Approved,Medium,Yes,Yes,Yes,86,354118,55,2025-01-10,,City Garage,Hyderabad,TS
CL00529,P0659,2025-01-01,2024-12-20,Accident,Online,476114,428502,Pending,High,Yes,Yes,Yes,17,,18,2025-01-10,,City Garage,Hyderabad,TS
CL00530,P0118,2025-01-01,2024-12-20,Theft,Online,138085,124276,Pending,Low,Yes,Yes,Yes,63,,1,2025-01-10,,Apollo,Hyderabad,TS
CL00531,P0147,2025-01-01,2024-12-20,Medical,Online,366774,330096,Approved,Medium,Yes,Yes,No,29,366774,47,2025-01-10,,City Garage,Hyderabad,TS
CL00532,P0619,2025-01-01,2024-12-20,Accident,Online,299142,269227,Pending,High,Yes,Yes,No,51,,13,2025-01-10,,Apollo,Hyderabad,TS
CL00533,P0068,2025-01-01,2024-12-20,Fire,Online,259596,233636,Rejected,Medium,Yes,Yes,No,65,,40,2025-01-10,,City Garage,Hyderabad,TS
CL00534,P0124,2025-01-01,2024-12-20,Medical,Online,145468,130921, approved ,Low,Yes,Yes,Yes,46,,32,2025-01-10,,Apollo,Hyderabad,TS
CL00535,P0258,2025-01-01,2024-12-20,Theft,Online,397432,357688,Approved,High,Yes,Yes,Yes,61,397432,51,2025-01-10,,Apollo,Hyderabad,TS
CL00536,P0587,2025-01-01,2024-12-20,Medical,Online,199397,179457,Approved,High,Yes,Yes,Yes,8,199397,6,2025-01-10,,Apollo,Hyderabad,TS
CL00537,P0042,2025-01-01,2024-12-20,Medical,Online,264829,238346, approved ,High,Yes,Yes,Yes,10,,52,2025-01-10,,Apollo,Hyderabad,TS
CL00538,P0476,2025-01-01,2024-12-20,Accident,Online,425237,382713, approved ,High,Yes,Yes,Yes,11,,39,2025-01-10,,City Garage,Hyderabad,TS
CL00539,P0480,2025-01-01,2024-12-20,Fire,Online,80830,72747,Approved,Medium,Yes,Yes,No,68,80830,47,2025-01-10,,Apollo,Hyderabad,TS
CL00540,P0625,2025-01-01,2024-12-20,Accident,Online,455415,409873,Rejected,Medium,Yes,Yes,Yes,81,,58,2025-01-10,,City Garage,Hyderabad,TS
CL00541,P0084,2025-01-01,2024-12-20,Theft,Online,475166,427649,Approved,Low,Yes,Yes,Yes,51,475166,52,2025-01-10,,City Garage,Hyderabad,TS
CL00542,P0275,2025-01-01,2024-12-20,Fire,Online,62301,56070,Pending,Medium,Yes,Yes,Yes,74,,58,2025-01-10,,Apollo,Hyderabad,TS
CL00543,P0684,2025-01-01,2024-12-20,Medical,Online,239323,215390,Rejected,Medium,Yes,Yes,No,79,,21,2025-01-10,,City Garage,Hyderabad,TS
CL00544,P0061,2025-01-01,2024-12-20,Theft,Online,499363,449426,Rejected,Medium,Yes,Yes,No,74,,4,2025-01-10,,Apollo,Hyderabad,TS
CL00545,P0712,2025-01-01,2024-12-20,Accident,Online,260705,234634,Pending,High,Yes,Yes,Yes,33,,52,2025-01-10,,Apollo,Hyderabad,TS
CL00546,P0918,2025-01-01,2024-12-20,Accident,Online,460217,414195, approved ,Low,Yes,Yes,Yes,13,,42,2025-01-10,,Apollo,Hyderabad,TS
CL00547,P0043,2025-01-01,2024-12-20,Theft,Online,152778,137500,Rejected,High,Yes,Yes,Yes,15,,12,2025-01-10,,City Garage,Hyderabad,TS
CL00548,P0812,2025-01-01,2024-12-20,Fire,Online,8655,7789,Approved,High,Yes,Yes,No,83,8655,35,2025-01-10,,Apollo,Hyderabad,TS
CL00549,P0703,2025-01-01,2024-12-20,Fire,Online,199726,179753, approved ,High,Yes,Yes,No,71,,52,2025-01-10,,City Garage,Hyderabad,TS
CL00550,P0387,2025-01-01,2024-12-20,Fire,Online,18365,16528, approved ,High,Yes,Yes,Yes,6,,8,2025-01-10,,Apollo,Hyderabad,TS
CL00551,P0670,2025-01-01,2024-12-20,Fire,Online,392190,352971,Rejected,High,Yes,Yes,No,0,,33,2025-01-10,,Apollo,Hyderabad,TS
CL00552,P0308,2025-01-01,2024-12-20,Fire,Online,227095,204385,Approved,Low,Yes,Yes,No,1,227095,3,2025-01-10,,Apollo,Hyderabad,TS
CL00553,P0991,2025-01-01,2024-12-20,Theft,Online,440796,396716, approved ,Medium,Yes,Yes,Yes,84,,19,2025-01-10,,City Garage,Hyderabad,TS
CL00554,P0812,2025-01-01,2024-12-20,Accident,Online,68691,61821, approved ,High,Yes,Yes,No,82,,18,2025-01-10,,Apollo,Hyderabad,TS
CL00555,P0275,2025-01-01,2024-12-20,Theft,Online,268583,241724, approved ,High,Yes,Yes,Yes,64,,36,2025-01-10,,Apollo,Hyderabad,TS
CL00556,P0222,2025-01-01,2024-12-20,Medical,Online,37056,33350,Pending,High,Yes,Yes,No,34,,21,2025-01-10,,Apollo,Hyderabad,TS
CL00557,P0634,2025-01-01,2024-12-20,Accident,Online,298212,268390,Pending,Medium,Yes,Yes,Yes,27,,12,2025-01-10,,City Garage,Hyderabad,TS
CL00558,P0608,2025-01-01,2024-12-20,Medical,Online,285354,256818, approved ,Low,Yes,Yes,Yes,56,,1,2025-01-10,,Apollo,Hyderabad,TS
CL00559,P0420,2025-01-01,2024-12-20,Medical,Online,448736,403862,Approved,Low,Yes,Yes,Yes,79,448736,34,2025-01-10,,City Garage,Hyderabad,TS
CL00560,P0339,2025-01-01,2024-12-20,Accident,Online,247137,222423,Rejected,Medium,Yes,Yes,Yes,11,,15,2025-01-10,,City Garage,Hyderabad,TS
CL00561,P0201,2025-01-01,2024-12-20,Accident,Online,448541,403686, approved ,Medium,Yes,Yes,Yes,67,,33,2025-01-10,,City Garage,Hyderabad,TS
CL00562,P0968,2025-01-01,2024-12-20,Medical,Online,202743,182468,Rejected,High,Yes,Yes,Yes,45,,58,2025-01-10,,Apollo,Hyderabad,TS
CL00563,P0365,2025-01-01,2024-12-20,Fire,Online,341045,306940,Rejected,Medium,Yes,Yes,Yes,85,,5,2025-01-10,,City Garage,Hyderabad,TS
CL00564,P0857,2025-01-01,2024-12-20,Fire,Online,11637,10473,Rejected,High,Yes,Yes,No,46,,43,2025-01-10,,Apollo,Hyderabad,TS
CL00565,P0452,2025-01-01,2024-12-20,Theft,Online,41407,37266,Approved,Low,Yes,Yes,Yes,61,41407,31,2025-01-10,,Apollo,Hyderabad,TS
CL00566,P0664,2025-01-01,2024-12-20,Fire,Online,287388,258649, approved ,Low,Yes,Yes,Yes,57,,11,2025-01-10,,City Garage,Hyderabad,TS
CL00567,P0687,2025-01-01,2024-12-20,Fire,Online,488000,439200, approved ,High,Yes,Yes,No,95,,8,2025-01-10,,Apollo,Hyderabad,TS
CL00568,P0577,2025-01-01,2024-12-20,Fire,Online,62942,56647, approved ,Medium,Yes,Yes,No,77,,54,2025-01-10,,Apollo,Hyderabad,TS
CL00569,P0112,2025-01-01,2024-12-20,Accident,Online,236470,212823,Pending,Low,Yes,Yes,No,82,,3,2025-01-10,,City Garage,Hyderabad,TS
CL00570,P0920,2025-01-01,2024-12-20,Fire,Online,210550,189495, approved ,Low,Yes,Yes,No,95,,28,2025-01-10,,City Garage,Hyderabad,TS
CL00571,P0273,2025-01-01,2024-12-20,Theft,Online,72218,64996, approved ,Low,Yes,Yes,No,37,,4,2025-01-10,,Apollo,Hyderabad,TS
CL00572,P0642,2025-01-01,2024-12-20,Fire,Online,498872,448984,Approved,High,Yes,Yes,No,93,498872,13,2025-01-10,,Apollo,Hyderabad,TS
CL00573,P0176,2025-01-01,2024-12-20,Accident,Online,379525,341572,Pending,Low,Yes,Yes,Yes,38,,15,2025-01-10,,City Garage,Hyderabad,TS
CL00574,P0865,2025-01-01,2024-12-20,Accident,Online,78721,70848,Approved,Medium,Yes,Yes,No,88,78721,48,2025-01-10,,City Garage,Hyderabad,TS
CL00575,P0308,2025-01-01,2024-12-20,Medical,Online,299761,269784,Approved,High,Yes,Yes,Yes,19,299761,18,2025-01-10,,Apollo,Hyderabad,TS
CL00576,P0353,2025-01-01,2024-12-20,Fire,Online,237427,213684,Rejected,Low,Yes,Yes,No,50,,58,2025-01-10,,Apollo,Hyderabad,TS
CL00577,P0096,2025-01-01,2024-12-20,Medical,Online,238792,214912,Pending,Medium,Yes,Yes,No,91,,5,2025-01-10,,City Garage,Hyderabad,TS
CL00578,P0489,2025-01-01,2024-12-20,Medical,Online,97251,87525, approved ,Medium,Yes,Yes,No,54,,2,2025-01-10,,City Garage,Hyderabad,TS
CL00579,P0809,2025-01-01,2024-12-20,Accident,Online,201627,181464,Pending,High,Yes,Yes,Yes,41,,38,2025-01-10,,Apollo,Hyderabad,TS
CL00580,P0960,2025-01-01,2024-12-20,Fire,Online,493338,444004, approved ,Medium,Yes,Yes,No,38,,6,2025-01-10,,City Garage,Hyderabad,TS
CL00581,P0707,2025-01-01,2024-12-20,Theft,Online,402597,362337,Rejected,High,Yes,Yes,Yes,3,,29,2025-01-10,,Apollo,Hyderabad,TS
CL00582,P0379,2025-01-01,2024-12-20,Accident,Online,410053,369047, approved ,High,Yes,Yes,No,9,,51,2025-01-10,,Apollo,Hyderabad,TS
CL00583,P0731,2025-01-01,2024-12-20,Accident,Online,417025,375322, approved ,High,Yes,Yes,No,71,,21,2025-01-10,,Apollo,Hyderabad,TS
CL00584,P0993,2025-01-01,2024-12-20,Accident,Online,346269,311642, approved ,Medium,Yes,Yes,Yes,79,,48,2025-01-10,,City Garage,Hyderabad,TS
CL00585,P0582,2025-01-01,2024-12-20,Fire,Online,236552,212896, approved ,Medium,Yes,Yes,Yes,100,,24,2025-01-10,,City Garage,Hyderabad,TS
CL00586,P0006,2025-01-01,2024-12-20,Fire,Online,373605,336244,Rejected,High,Yes,Yes,No,62,,49,2025-01-10,,City Garage,Hyderabad,TS
CL00587,P0685,2025-01-01,2024-12-20,Fire,Online,457738,411964,Pending,Medium,Yes,Yes,Yes,67,,22,2025-01-10,,Apollo,Hyderabad,TS
CL00588,P0972,2025-01-01,2024-12-20,Medical,Online,391819,352637, approved ,Low,Yes,Yes,No,7,,53,2025-01-10,,City Garage,Hyderabad,TS
CL00589,P0769,2025-01-01,2024-12-20,Theft,Online,379404,341463,Approved,High,Yes,Yes,Yes,24,379404,55,2025-01-10,,City Garage,Hyderabad,TS
CL00590,P0379,2025-01-01,2024-12-20,Medical,Online,358604,322743,Rejected,Low,Yes,Yes,No,83,,43,2025-01-10,,Apollo,Hyderabad,TS
CL00591,P0152,2025-01-01,2024-12-20,Accident,Online,214935,193441,Pending,Low,Yes,Yes,No,3,,3,2025-01-10,,City Garage,Hyderabad,TS
CL00592,P0408,2025-01-01,2024-12-20,Fire,Online,154269,138842,Approved,Medium,Yes,Yes,Yes,93,154269,28,2025-01-10,,City Garage,Hyderabad,TS
CL00593,P0623,2025-01-01,2024-12-20,Theft,Online,260472,234424,Pending,Low,Yes,Yes,No,38,,33,2025-01-10,,City Garage,Hyderabad,TS
CL00594,P0830,2025-01-01,2024-12-20,Medical,Online,6579,5921,Rejected,Medium,Yes,Yes,No,72,,54,2025-01-10,,City Garage,Hyderabad,TS
CL00595,P0636,2025-01-01,2024-12-20,Fire,Online,228095,205285,Pending,Low,Yes,Yes,No,22,,26,2025-01-10,,Apollo,Hyderabad,TS
CL00596,P0423,2025-01-01,2024-12-20,Fire,Online,475450,427905,Approved,Medium,Yes,Yes,Yes,100,475450,29,2025-01-10,,Apollo,Hyderabad,TS
CL00597,P0752,2025-01-01,2024-12-20,Accident,Online,434471,391023, approved ,High,Yes,Yes,Yes,25,,2,2025-01-10,,City Garage,Hyderabad,TS
CL00598,P0883,2025-01-01,2024-12-20,Medical,Online,162878,146590, approved ,Low,Yes,Yes,No,55,,42,2025-01-10,,City Garage,Hyderabad,TS
CL00599,P0110,2025-01-01,2024-12-20,Theft,Online,444091,399681,Rejected,High,Yes,Yes,No,59,,17,2025-01-10,,City Garage,Hyderabad,TS
CL00600,P0586,2025-01-01,2024-12-20,Fire,Online,364053,327647,Rejected,High,Yes,Yes,No,23,,50,2025-01-10,,City Garage,Hyderabad,TS
CL00601,P0583,2025-01-01,2024-12-20,Fire,Online,274414,246972, approved ,High,Yes,Yes,Yes,24,,34,2025-01-10,,Apollo,Hyderabad,TS
CL00602,P0639,2025-01-01,2024-12-20,Theft,Online,425255,382729, approved ,Low,Yes,Yes,No,71,,45,2025-01-10,,City Garage,Hyderabad,TS
CL00603,P0092,2025-01-01,2024-12-20,Accident,Online,221667,199500,Approved,Medium,Yes,Yes,No,29,221667,31,2025-01-10,,Apollo,Hyderabad,TS
CL00604,P0212,2025-01-01,2024-12-20,Medical,Online,243206,218885, approved ,High,Yes,Yes,No,59,,22,2025-01-10,,City Garage,Hyderabad,TS
CL00605,P0606,2025-01-01,2024-12-20,Theft,Online,90409,81368,Pending,Medium,Yes,Yes,Yes,52,,58,2025-01-10,,Apollo,Hyderabad,TS
CL00606,P0143,2025-01-01,2024-12-20,Accident,Online,184353,165917,Approved,Medium,Yes,Yes,Yes,37,184353,37,2025-01-10,,Apollo,Hyderabad,TS
CL00607,P0229,2025-01-01,2024-12-20,Fire,Online,78548,70693,Rejected,Medium,Yes,Yes,Yes,67,,42,2025-01-10,,Apollo,Hyderabad,TS
CL00608,P0302,2025-01-01,2024-12-20,Fire,Online,356857,321171,Rejected,High,Yes,Yes,No,6,,25,2025-01-10,,Apollo,Hyderabad,TS
CL00609,P0114,2025-01-01,2024-12-20,Fire,Online,363472,327124, approved ,High,Yes,Yes,No,65,,58,2025-01-10,,City Garage,Hyderabad,TS
CL00610,P0567,2025-01-01,2024-12-20,Theft,Online,145069,130562,Rejected,Low,Yes,Yes,Yes,57,,30,2025-01-10,,City Garage,Hyderabad,TS
CL00611,P0529,2025-01-01,2024-12-20,Theft,Online,90067,81060, approved ,Medium,Yes,Yes,No,50,,57,2025-01-10,,City Garage,Hyderabad,TS
CL00612,P0862,2025-01-01,2024-12-20,Fire,Online,242582,218323, approved ,Low,Yes,Yes,Yes,23,,36,2025-01-10,,City Garage,Hyderabad,TS
CL00613,P0303,2025-01-01,2024-12-20,Accident,Online,457702,411931,Pending,High,Yes,Yes,Yes,83,,56,2025-01-10,,Apollo,Hyderabad,TS
CL00614,P0243,2025-01-01,2024-12-20,Theft,Online,106083,95474,Pending,High,Yes,Yes,Yes,21,,19,2025-01-10,,City Garage,Hyderabad,TS
CL00615,P0015,2025-01-01,2024-12-20,Medical,Online,462266,416039,Rejected,Medium,Yes,Yes,Yes,70,,27,2025-01-10,,Apollo,Hyderabad,TS
CL00616,P0797,2025-01-01,2024-12-20,Accident,Online,272200,244980,Rejected,Low,Yes,Yes,No,97,,9,2025-01-10,,Apollo,Hyderabad,TS
CL00617,P0468,2025-01-01,2024-12-20,Accident,Online,383024,344721,Approved,Low,Yes,Yes,No,75,383024,55,2025-01-10,,Apollo,Hyderabad,TS
CL00618,P0581,2025-01-01,2024-12-20,Accident,Online,196993,177293, approved ,Low,Yes,Yes,No,67,,58,2025-01-10,,City Garage,Hyderabad,TS
CL00619,P0991,2025-01-01,2024-12-20,Theft,Online,9491,8541,Pending,High,Yes,Yes,No,55,,60,2025-01-10,,Apollo,Hyderabad,TS
CL00620,P0302,2025-01-01,2024-12-20,Accident,Online,223991,201591, approved ,Medium,Yes,Yes,No,39,,21,2025-01-10,,Apollo,Hyderabad,TS
CL00621,P0883,2025-01-01,2024-12-20,Medical,Online,428133,385319,Rejected,Medium,Yes,Yes,Yes,24,,17,2025-01-10,,City Garage,Hyderabad,TS
CL00622,P0295,2025-01-01,2024-12-20,Fire,Online,53735,48361,Approved,Low,Yes,Yes,No,35,53735,16,2025-01-10,,Apollo,Hyderabad,TS
CL00623,P0587,2025-01-01,2024-12-20,Theft,Online,132853,119567,Pending,High,Yes,Yes,No,11,,4,2025-01-10,,Apollo,Hyderabad,TS
CL00624,P0659,2025-01-01,2024-12-20,Medical,Online,139381,125442,Approved,Medium,Yes,Yes,Yes,97,139381,51,2025-01-10,,City Garage,Hyderabad,TS
CL00625,P0095,2025-01-01,2024-12-20,Theft,Online,349183,314264,Approved,Medium,Yes,Yes,No,60,349183,54,2025-01-10,,City Garage,Hyderabad,TS
CL00626,P0476,2025-01-01,2024-12-20,Fire,Online,361556,325400,Rejected,Low,Yes,Yes,No,68,,42,2025-01-10,,Apollo,Hyderabad,TS
CL00627,P0209,2025-01-01,2024-12-20,Accident,Online,155025,139522,Approved,High,Yes,Yes,Yes,52,155025,25,2025-01-10,,City Garage,Hyderabad,TS
CL00628,P0598,2025-01-01,2024-12-20,Fire,Online,332648,299383, approved ,High,Yes,Yes,No,88,,54,2025-01-10,,Apollo,Hyderabad,TS
CL00629,P0166,2025-01-01,2024-12-20,Fire,Online,490827,441744,Pending,High,Yes,Yes,Yes,57,,29,2025-01-10,,City Garage,Hyderabad,TS
CL00630,P0888,2025-01-01,2024-12-20,Theft,Online,406123,365510,Approved,High,Yes,Yes,No,41,406123,51,2025-01-10,,City Garage,Hyderabad,TS
CL00631,P0013,2025-01-01,2024-12-20,Fire,Online,466578,419920,Pending,Low,Yes,Yes,Yes,1,,60,2025-01-10,,City Garage,Hyderabad,TS
CL00632,P0249,2025-01-01,2024-12-20,Theft,Online,361919,325727,Approved,High,Yes,Yes,No,73,361919,51,2025-01-10,,City Garage,Hyderabad,TS
CL00633,P0409,2025-01-01,2024-12-20,Fire,Online,256543,230888, approved ,High,Yes,Yes,No,10,,42,2025-01-10,,Apollo,Hyderabad,TS
CL00634,P0558,2025-01-01,2024-12-20,Medical,Online,292493,263243,Rejected,Medium,Yes,Yes,Yes,81,,1,2025-01-10,,Apollo,Hyderabad,TS
CL00635,P0416,2025-01-01,2024-12-20,Fire,Online,61852,55666, approved ,High,Yes,Yes,Yes,76,,22,2025-01-10,,City Garage,Hyderabad,TS
CL00636,P0207,2025-01-01,2024-12-20,Fire,Online,293073,263765,Approved,High,Yes,Yes,No,29,293073,57,2025-01-10,,Apollo,Hyderabad,TS
CL00637,P0066,2025-01-01,2024-12-20,Fire,Online,334000,300600,Approved,Low,Yes,Yes,Yes,32,334000,2,2025-01-10,,City Garage,Hyderabad,TS
CL00638,P0697,2025-01-01,2024-12-20,Theft,Online,157812,142030, approved ,Medium,Yes,Yes,Yes,24,,52,2025-01-10,,Apollo,Hyderabad,TS
CL00639,P0962,2025-01-01,2024-12-20,Fire,Online,456799,411119,Rejected,Medium,Yes,Yes,Yes,99,,33,2025-01-10,,City Garage,Hyderabad,TS
CL00640,P0986,2025-01-01,2024-12-20,Fire,Online,132891,119601, approved ,Low,Yes,Yes,Yes,58,,49,2025-01-10,,City Garage,Hyderabad,TS
CL00641,P0669,2025-01-01,2024-12-20,Medical,Online,273232,245908, approved ,Low,Yes,Yes,No,56,,54,2025-01-10,,Apollo,Hyderabad,TS
CL00642,P0023,2025-01-01,2024-12-20,Theft,Online,165139,148625,Rejected,Medium,Yes,Yes,No,33,,34,2025-01-10,,City Garage,Hyderabad,TS
CL00643,P0389,2025-01-01,2024-12-20,Theft,Online,288704,259833,Approved,High,Yes,Yes,Yes,8,288704,10,2025-01-10,,City Garage,Hyderabad,TS
CL00644,P0300,2025-01-01,2024-12-20,Medical,Online,376913,339221, approved ,Low,Yes,Yes,Yes,74,,11,2025-01-10,,City Garage,Hyderabad,TS
CL00645,P0964,2025-01-01,2024-12-20,Medical,Online,498684,448815, approved ,Low,Yes,Yes,No,50,,35,2025-01-10,,Apollo,Hyderabad,TS
CL00646,P0745,2025-01-01,2024-12-20,Medical,Online,457695,411925, approved ,Low,Yes,Yes,No,31,,3,2025-01-10,,Apollo,Hyderabad,TS
CL00647,P0339,2025-01-01,2024-12-20,Theft,Online,370065,333058, approved ,Medium,Yes,Yes,Yes,16,,3,2025-01-10,,City Garage,Hyderabad,TS
CL00648,P0617,2025-01-01,2024-12-20,Theft,Online,36493,32843,Rejected,Medium,Yes,Yes,No,14,,57,2025-01-10,,City Garage,Hyderabad,TS
CL00649,P0393,2025-01-01,2024-12-20,Accident,Online,184150,165735,Rejected,High,Yes,Yes,Yes,75,,11,2025-01-10,,City Garage,Hyderabad,TS
CL00650,P0913,2025-01-01,2024-12-20,Accident,Online,45471,40923,Rejected,Medium,Yes,Yes,Yes,25,,58,2025-01-10,,Apollo,Hyderabad,TS
CL00651,P0501,2025-01-01,2024-12-20,Theft,Online,332438,299194, approved ,High,Yes,Yes,No,75,,17,2025-01-10,,Apollo,Hyderabad,TS
CL00652,P0766,2025-01-01,2024-12-20,Theft,Online,140845,126760, approved ,High,Yes,Yes,Yes,80,,36,2025-01-10,,City Garage,Hyderabad,TS
CL00653,P0318,2025-01-01,2024-12-20,Fire,Online,12844,11559,Approved,Medium,Yes,Yes,No,77,12844,54,2025-01-10,,Apollo,Hyderabad,TS
CL00654,P0582,2025-01-01,2024-12-20,Theft,Online,487906,439115,Rejected,Low,Yes,Yes,Yes,21,,14,2025-01-10,,City Garage,Hyderabad,TS
CL00655,P0213,2025-01-01,2024-12-20,Accident,Online,492209,442988, approved ,Medium,Yes,Yes,No,76,,58,2025-01-10,,Apollo,Hyderabad,TS
CL00656,P0334,2025-01-01,2024-12-20,Fire,Online,298390,268551,Approved,High,Yes,Yes,Yes,49,298390,60,2025-01-10,,City Garage,Hyderabad,TS
CL00657,P0742,2025-01-01,2024-12-20,Accident,Online,144757,130281,Pending,Low,Yes,Yes,No,78,,32,2025-01-10,,City Garage,Hyderabad,TS
CL00658,P0602,2025-01-01,2024-12-20,Fire,Online,102731,92457,Rejected,Medium,Yes,Yes,No,77,,6,2025-01-10,,City Garage,Hyderabad,TS
CL00659,P0950,2025-01-01,2024-12-20,Theft,Online,380174,342156, approved ,Medium,Yes,Yes,No,59,,55,2025-01-10,,Apollo,Hyderabad,TS
CL00660,P0835,2025-01-01,2024-12-20,Medical,Online,146636,131972, approved ,Medium,Yes,Yes,No,72,,34,2025-01-10,,City Garage,Hyderabad,TS
CL00661,P0053,2025-01-01,2024-12-20,Fire,Online,145533,130979,Rejected,Low,Yes,Yes,Yes,36,,31,2025-01-10,,City Garage,Hyderabad,TS
CL00662,P0695,2025-01-01,2024-12-20,Theft,Online,379356,341420, approved ,Low,Yes,Yes,No,100,,22,2025-01-10,,Apollo,Hyderabad,TS
CL00663,P0912,2025-01-01,2024-12-20,Fire,Online,456383,410744, approved ,High,Yes,Yes,Yes,85,,22,2025-01-10,,City Garage,Hyderabad,TS
CL00664,P0503,2025-01-01,2024-12-20,Theft,Online,418588,376729, approved ,Low,Yes,Yes,No,72,,45,2025-01-10,,City Garage,Hyderabad,TS
CL00665,P0989,2025-01-01,2024-12-20,Medical,Online,404860,364374,Approved,Medium,Yes,Yes,Yes,16,404860,33,2025-01-10,,City Garage,Hyderabad,TS
CL00666,P0436,2025-01-01,2024-12-20,Theft,Online,121068,108961,Approved,Medium,Yes,Yes,Yes,96,121068,56,2025-01-10,,Apollo,Hyderabad,TS
CL00667,P0056,2025-01-01,2024-12-20,Accident,Online,297011,267309,Rejected,Low,Yes,Yes,No,78,,44,2025-01-10,,City Garage,Hyderabad,TS
CL00668,P0830,2025-01-01,2024-12-20,Theft,Online,266829,240146,Rejected,Medium,Yes,Yes,No,12,,17,2025-01-10,,City Garage,Hyderabad,TS
CL00669,P0325,2025-01-01,2024-12-20,Accident,Online,433564,390207,Rejected,Low,Yes,Yes,No,84,,31,2025-01-10,,City Garage,Hyderabad,TS
CL00670,P0138,2025-01-01,2024-12-20,Medical,Online,415450,373905,Rejected,High,Yes,Yes,No,75,,9,2025-01-10,,Apollo,Hyderabad,TS
CL00671,P0798,2025-01-01,2024-12-20,Medical,Online,276551,248895, approved ,Low,Yes,Yes,No,95,,54,2025-01-10,,City Garage,Hyderabad,TS
CL00672,P0298,2025-01-01,2024-12-20,Fire,Online,192477,173229,Rejected,Medium,Yes,Yes,Yes,27,,49,2025-01-10,,Apollo,Hyderabad,TS
CL00673,P0897,2025-01-01,2024-12-20,Fire,Online,164639,148175,Pending,Medium,Yes,Yes,Yes,22,,48,2025-01-10,,City Garage,Hyderabad,TS
CL00674,P0332,2025-01-01,2024-12-20,Theft,Online,109982,98983, approved ,High,Yes,Yes,Yes,71,,34,2025-01-10,,City Garage,Hyderabad,TS
CL00675,P0797,2025-01-01,2024-12-20,Fire,Online,13216,11894, approved ,Medium,Yes,Yes,No,69,,20,2025-01-10,,Apollo,Hyderabad,TS
CL00676,P0469,2025-01-01,2024-12-20,Fire,Online,345782,311203,Approved,High,Yes,Yes,No,38,345782,44,2025-01-10,,Apollo,Hyderabad,TS
CL00677,P0370,2025-01-01,2024-12-20,Medical,Online,354968,319471,Pending,High,Yes,Yes,Yes,85,,13,2025-01-10,,Apollo,Hyderabad,TS
CL00678,P0096,2025-01-01,2024-12-20,Accident,Online,439701,395730,Rejected,Low,Yes,Yes,Yes,14,,39,2025-01-10,,Apollo,Hyderabad,TS
CL00679,P0515,2025-01-01,2024-12-20,Fire,Online,224653,202187, approved ,Low,Yes,Yes,Yes,18,,43,2025-01-10,,City Garage,Hyderabad,TS
CL00680,P0021,2025-01-01,2024-12-20,Medical,Online,285822,257239,Approved,High,Yes,Yes,No,46,285822,35,2025-01-10,,City Garage,Hyderabad,TS
CL00681,P0670,2025-01-01,2024-12-20,Accident,Online,220546,198491,Rejected,Medium,Yes,Yes,No,29,,28,2025-01-10,,Apollo,Hyderabad,TS
CL00682,P0051,2025-01-01,2024-12-20,Medical,Online,330186,297167,Rejected,High,Yes,Yes,Yes,59,,37,2025-01-10,,City Garage,Hyderabad,TS
CL00683,P0742,2025-01-01,2024-12-20,Medical,Online,231674,208506,Approved,Low,Yes,Yes,Yes,31,231674,26,2025-01-10,,Apollo,Hyderabad,TS
CL00684,P0856,2025-01-01,2024-12-20,Fire,Online,116722,105049,Rejected,Low,Yes,Yes,No,13,,44,2025-01-10,,City Garage,Hyderabad,TS
CL00685,P0181,2025-01-01,2024-12-20,Medical,Online,395134,355620,Pending,Medium,Yes,Yes,Yes,41,,45,2025-01-10,,City Garage,Hyderabad,TS
CL00686,P0026,2025-01-01,2024-12-20,Accident,Online,176723,159050, approved ,Low,Yes,Yes,Yes,20,,24,2025-01-10,,City Garage,Hyderabad,TS
CL00687,P0522,2025-01-01,2024-12-20,Medical,Online,455791,410211,Rejected,Low,Yes,Yes,No,69,,41,2025-01-10,,Apollo,Hyderabad,TS
CL00688,P0597,2025-01-01,2024-12-20,Medical,Online,254110,228699, approved ,High,Yes,Yes,No,85,,21,2025-01-10,,City Garage,Hyderabad,TS
CL00689,P0332,2025-01-01,2024-12-20,Medical,Online,288865,259978, approved ,Low,Yes,Yes,Yes,50,,11,2025-01-10,,City Garage,Hyderabad,TS
CL00690,P0414,2025-01-01,2024-12-20,Accident,Online,97552,87796,Approved,Low,Yes,Yes,Yes,25,97552,55,2025-01-10,,City Garage,Hyderabad,TS
CL00691,P0343,2025-01-01,2024-12-20,Fire,Online,211250,190125, approved ,Low,Yes,Yes,Yes,32,,14,2025-01-10,,City Garage,Hyderabad,TS
CL00692,P0938,2025-01-01,2024-12-20,Fire,Online,494521,445068, approved ,Medium,Yes,Yes,Yes,20,,15,2025-01-10,,Apollo,Hyderabad,TS
CL00693,P0487,2025-01-01,2024-12-20,Medical,Online,480239,432215,Approved,High,Yes,Yes,Yes,64,480239,49,2025-01-10,,Apollo,Hyderabad,TS
CL00694,P0797,2025-01-01,2024-12-20,Fire,Online,255454,229908,Rejected,Low,Yes,Yes,Yes,5,,52,2025-01-10,,City Garage,Hyderabad,TS
CL00695,P0954,2025-01-01,2024-12-20,Fire,Online,426001,383400,Rejected,Medium,Yes,Yes,Yes,11,,53,2025-01-10,,Apollo,Hyderabad,TS
CL00696,P0623,2025-01-01,2024-12-20,Medical,Online,331809,298628,Approved,Low,Yes,Yes,Yes,67,331809,4,2025-01-10,,Apollo,Hyderabad,TS
CL00697,P0823,2025-01-01,2024-12-20,Fire,Online,361053,324947,Approved,Low,Yes,Yes,Yes,82,361053,18,2025-01-10,,Apollo,Hyderabad,TS
CL00698,P0865,2025-01-01,2024-12-20,Accident,Online,303827,273444,Pending,High,Yes,Yes,Yes,27,,54,2025-01-10,,Apollo,Hyderabad,TS
CL00699,P0056,2025-01-01,2024-12-20,Medical,Online,394984,355485, approved ,High,Yes,Yes,No,58,,1,2025-01-10,,Apollo,Hyderabad,TS
CL00700,P0215,2025-01-01,2024-12-20,Accident,Online,56519,50867,Pending,High,Yes,Yes,No,66,,19,2025-01-10,,Apollo,Hyderabad,TS
CL00701,P0438,2025-01-01,2024-12-20,Medical,Online,274507,247056,Rejected,High,Yes,Yes,Yes,9,,39,2025-01-10,,Apollo,Hyderabad,TS
CL00702,P0650,2025-01-01,2024-12-20,Theft,Online,421335,379201, approved ,High,Yes,Yes,Yes,59,,39,2025-01-10,,Apollo,Hyderabad,TS
CL00703,P0320,2025-01-01,2024-12-20,Theft,Online,324817,292335,Rejected,High,Yes,Yes,Yes,72,,18,2025-01-10,,Apollo,Hyderabad,TS
CL00704,P0197,2025-01-01,2024-12-20,Accident,Online,208615,187753, approved ,Medium,Yes,Yes,No,76,,59,2025-01-10,,Apollo,Hyderabad,TS
CL00705,P0126,2025-01-01,2024-12-20,Theft,Online,258387,232548, approved ,Medium,Yes,Yes,No,73,,22,2025-01-10,,Apollo,Hyderabad,TS
CL00706,P0272,2025-01-01,2024-12-20,Medical,Online,246043,221438,Pending,Low,Yes,Yes,No,92,,59,2025-01-10,,City Garage,Hyderabad,TS
CL00707,P0638,2025-01-01,2024-12-20,Medical,Online,358846,322961,Approved,High,Yes,Yes,Yes,3,358846,16,2025-01-10,,Apollo,Hyderabad,TS
CL00708,P0280,2025-01-01,2024-12-20,Accident,Online,312548,281293, approved ,Low,Yes,Yes,Yes,63,,32,2025-01-10,,City Garage,Hyderabad,TS
CL00709,P0546,2025-01-01,2024-12-20,Accident,Online,439435,395491, approved ,High,Yes,Yes,Yes,17,,56,2025-01-10,,Apollo,Hyderabad,TS
CL00710,P0628,2025-01-01,2024-12-20,Fire,Online,180376,162338,Pending,High,Yes,Yes,Yes,6,,16,2025-01-10,,Apollo,Hyderabad,TS
CL00711,P0342,2025-01-01,2024-12-20,Medical,Online,390268,351241, approved ,Low,Yes,Yes,Yes,70,,54,2025-01-10,,City Garage,Hyderabad,TS
CL00712,P0914,2025-01-01,2024-12-20,Medical,Online,370246,333221, approved ,Low,Yes,Yes,Yes,70,,48,2025-01-10,,Apollo,Hyderabad,TS
CL00713,P0051,2025-01-01,2024-12-20,Fire,Online,229278,206350, approved ,Medium,Yes,Yes,No,100,,49,2025-01-10,,City Garage,Hyderabad,TS
CL00714,P0341,2025-01-01,2024-12-20,Fire,Online,494936,445442, approved ,Low,Yes,Yes,No,36,,43,2025-01-10,,City Garage,Hyderabad,TS
CL00715,P0345,2025-01-01,2024-12-20,Theft,Online,62548,56293,Approved,Low,Yes,Yes,No,90,62548,35,2025-01-10,,City Garage,Hyderabad,TS
CL00716,P0796,2025-01-01,2024-12-20,Fire,Online,186340,167706,Approved,Medium,Yes,Yes,Yes,72,186340,17,2025-01-10,,City Garage,Hyderabad,TS
CL00717,P0332,2025-01-01,2024-12-20,Fire,Online,394884,355395,Pending,Low,Yes,Yes,Yes,8,,28,2025-01-10,,Apollo,Hyderabad,TS
CL00718,P0624,2025-01-01,2024-12-20,Theft,Online,53408,48067,Pending,High,Yes,Yes,Yes,77,,53,2025-01-10,,Apollo,Hyderabad,TS
CL00719,P0814,2025-01-01,2024-12-20,Accident,Online,144625,130162,Rejected,High,Yes,Yes,No,71,,28,2025-01-10,,City Garage,Hyderabad,TS
CL00720,P0611,2025-01-01,2024-12-20,Accident,Online,214877,193389,Approved,Medium,Yes,Yes,No,62,214877,19,2025-01-10,,Apollo,Hyderabad,TS
CL00721,P0742,2025-01-01,2024-12-20,Fire,Online,347681,312912, approved ,Medium,Yes,Yes,No,43,,3,2025-01-10,,Apollo,Hyderabad,TS
CL00722,P0610,2025-01-01,2024-12-20,Fire,Online,268565,241708,Approved,Medium,Yes,Yes,Yes,41,268565,23,2025-01-10,,Apollo,Hyderabad,TS
CL00723,P0385,2025-01-01,2024-12-20,Theft,Online,352700,317430,Approved,Medium,Yes,Yes,No,100,352700,31,2025-01-10,,City Garage,Hyderabad,TS
CL00724,P0244,2025-01-01,2024-12-20,Fire,Online,178203,160382,Pending,Medium,Yes,Yes,No,97,,35,2025-01-10,,Apollo,Hyderabad,TS
CL00725,P0164,2025-01-01,2024-12-20,Fire,Online,33256,29930,Rejected,High,Yes,Yes,No,73,,18,2025-01-10,,Apollo,Hyderabad,TS
CL00726,P0462,2025-01-01,2024-12-20,Medical,Online,142945,128650,Rejected,Medium,Yes,Yes,Yes,12,,49,2025-01-10,,City Garage,Hyderabad,TS
CL00727,P0242,2025-01-01,2024-12-20,Fire,Online,166374,149736,Approved,Medium,Yes,Yes,Yes,89,166374,5,2025-01-10,,Apollo,Hyderabad,TS
CL00728,P0613,2025-01-01,2024-12-20,Theft,Online,283451,255105,Rejected,Medium,Yes,Yes,Yes,17,,2,2025-01-10,,Apollo,Hyderabad,TS
CL00729,P0914,2025-01-01,2024-12-20,Theft,Online,417447,375702,Approved,High,Yes,Yes,Yes,38,417447,30,2025-01-10,,Apollo,Hyderabad,TS
CL00730,P0132,2025-01-01,2024-12-20,Medical,Online,394117,354705, approved ,Low,Yes,Yes,Yes,70,,48,2025-01-10,,Apollo,Hyderabad,TS
CL00731,P0473,2025-01-01,2024-12-20,Accident,Online,396316,356684, approved ,High,Yes,Yes,Yes,62,,9,2025-01-10,,Apollo,Hyderabad,TS
CL00732,P0799,2025-01-01,2024-12-20,Medical,Online,412871,371583,Rejected,Medium,Yes,Yes,Yes,0,,30,2025-01-10,,City Garage,Hyderabad,TS
CL00733,P0562,2025-01-01,2024-12-20,Medical,Online,360106,324095, approved ,High,Yes,Yes,Yes,38,,50,2025-01-10,,City Garage,Hyderabad,TS
CL00734,P0562,2025-01-01,2024-12-20,Medical,Online,492005,442804,Approved,Medium,Yes,Yes,No,0,492005,48,2025-01-10,,Apollo,Hyderabad,TS
CL00735,P0116,2025-01-01,2024-12-20,Accident,Online,16342,14707,Approved,Low,Yes,Yes,Yes,67,16342,17,2025-01-10,,City Garage,Hyderabad,TS
CL00736,P0942,2025-01-01,2024-12-20,Fire,Online,158339,142505, approved ,Medium,Yes,Yes,Yes,51,,18,2025-01-10,,Apollo,Hyderabad,TS
CL00737,P0891,2025-01-01,2024-12-20,Theft,Online,164660,148194, approved ,Medium,Yes,Yes,Yes,39,,27,2025-01-10,,Apollo,Hyderabad,TS
CL00738,P0126,2025-01-01,2024-12-20,Fire,Online,474951,427455, approved ,Medium,Yes,Yes,No,79,,35,2025-01-10,,City Garage,Hyderabad,TS
CL00739,P0855,2025-01-01,2024-12-20,Accident,Online,491292,442162,Approved,High,Yes,Yes,No,47,491292,8,2025-01-10,,Apollo,Hyderabad,TS
CL00740,P0581,2025-01-01,2024-12-20,Accident,Online,35001,31500,Pending,High,Yes,Yes,No,29,,53,2025-01-10,,Apollo,Hyderabad,TS
CL00741,P0641,2025-01-01,2024-12-20,Accident,Online,160354,144318, approved ,Medium,Yes,Yes,Yes,12,,53,2025-01-10,,Apollo,Hyderabad,TS
CL00742,P0921,2025-01-01,2024-12-20,Fire,Online,123446,111101,Pending,Low,Yes,Yes,No,78,,49,2025-01-10,,City Garage,Hyderabad,TS
CL00743,P0627,2025-01-01,2024-12-20,Accident,Online,404557,364101, approved ,Low,Yes,Yes,Yes,58,,5,2025-01-10,,City Garage,Hyderabad,TS
CL00744,P0994,2025-01-01,2024-12-20,Fire,Online,171748,154573,Pending,High,Yes,Yes,Yes,80,,28,2025-01-10,,Apollo,Hyderabad,TS
CL00745,P0540,2025-01-01,2024-12-20,Theft,Online,194004,174603,Pending,Low,Yes,Yes,No,95,,11,2025-01-10,,City Garage,Hyderabad,TS
CL00746,P0809,2025-01-01,2024-12-20,Medical,Online,322436,290192,Pending,Low,Yes,Yes,No,32,,58,2025-01-10,,Apollo,Hyderabad,TS
CL00747,P0560,2025-01-01,2024-12-20,Medical,Online,333274,299946,Pending,Medium,Yes,Yes,Yes,34,,53,2025-01-10,,Apollo,Hyderabad,TS
CL00748,P0851,2025-01-01,2024-12-20,Fire,Online,22201,19980,Pending,Low,Yes,Yes,Yes,32,,22,2025-01-10,,City Garage,Hyderabad,TS
CL00749,P0778,2025-01-01,2024-12-20,Accident,Online,158289,142460,Approved,High,Yes,Yes,No,47,158289,44,2025-01-10,,City Garage,Hyderabad,TS
CL00750,P0820,2025-01-01,2024-12-20,Fire,Online,52387,47148,Rejected,High,Yes,Yes,Yes,23,,51,2025-01-10,,Apollo,Hyderabad,TS
CL00751,P0811,2025-01-01,2024-12-20,Theft,Online,330178,297160,Rejected,Medium,Yes,Yes,No,30,,22,2025-01-10,,City Garage,Hyderabad,TS
CL00752,P0693,2025-01-01,2024-12-20,Theft,Online,6084,5475,Rejected,Low,Yes,Yes,Yes,15,,60,2025-01-10,,Apollo,Hyderabad,TS
CL00753,P0755,2025-01-01,2024-12-20,Medical,Online,171097,153987,Rejected,High,Yes,Yes,No,65,,47,2025-01-10,,City Garage,Hyderabad,TS
CL00754,P0987,2025-01-01,2024-12-20,Accident,Online,226990,204291, approved ,High,Yes,Yes,Yes,14,,2,2025-01-10,,Apollo,Hyderabad,TS
CL00755,P0843,2025-01-01,2024-12-20,Fire,Online,126427,113784, approved ,Medium,Yes,Yes,No,13,,1,2025-01-10,,Apollo,Hyderabad,TS
CL00756,P0642,2025-01-01,2024-12-20,Theft,Online,91148,82033,Rejected,Medium,Yes,Yes,No,94,,39,2025-01-10,,Apollo,Hyderabad,TS
CL00757,P0994,2025-01-01,2024-12-20,Fire,Online,34271,30843,Rejected,Medium,Yes,Yes,No,24,,1,2025-01-10,,City Garage,Hyderabad,TS
CL00758,P0131,2025-01-01,2024-12-20,Accident,Online,264884,238395, approved ,Medium,Yes,Yes,No,25,,22,2025-01-10,,City Garage,Hyderabad,TS
CL00759,P0978,2025-01-01,2024-12-20,Medical,Online,188517,169665,Pending,Medium,Yes,Yes,No,32,,19,2025-01-10,,City Garage,Hyderabad,TS
CL00760,P0611,2025-01-01,2024-12-20,Medical,Online,341923,307730,Pending,Low,Yes,Yes,Yes,77,,6,2025-01-10,,Apollo,Hyderabad,TS
CL00761,P0292,2025-01-01,2024-12-20,Theft,Online,323653,291287,Rejected,High,Yes,Yes,No,6,,56,2025-01-10,,Apollo,Hyderabad,TS
CL00762,P0368,2025-01-01,2024-12-20,Theft,Online,170357,153321,Pending,Medium,Yes,Yes,Yes,67,,30,2025-01-10,,City Garage,Hyderabad,TS
CL00763,P0159,2025-01-01,2024-12-20,Medical,Online,298557,268701,Approved,High,Yes,Yes,No,46,298557,38,2025-01-10,,Apollo,Hyderabad,TS
CL00764,P0166,2025-01-01,2024-12-20,Medical,Online,117857,106071,Approved,High,Yes,Yes,No,22,117857,18,2025-01-10,,Apollo,Hyderabad,TS
CL00765,P0066,2025-01-01,2024-12-20,Theft,Online,127820,115038,Pending,Medium,Yes,Yes,No,13,,40,2025-01-10,,City Garage,Hyderabad,TS
CL00766,P0660,2025-01-01,2024-12-20,Medical,Online,168542,151687,Approved,High,Yes,Yes,No,6,168542,39,2025-01-10,,Apollo,Hyderabad,TS
CL00767,P0684,2025-01-01,2024-12-20,Medical,Online,317797,286017,Approved,Medium,Yes,Yes,Yes,0,317797,41,2025-01-10,,City Garage,Hyderabad,TS
CL00768,P0714,2025-01-01,2024-12-20,Theft,Online,10845,9760,Pending,Medium,Yes,Yes,Yes,43,,37,2025-01-10,,City Garage,Hyderabad,TS
CL00769,P0608,2025-01-01,2024-12-20,Theft,Online,110628,99565,Pending,High,Yes,Yes,No,86,,41,2025-01-10,,City Garage,Hyderabad,TS
CL00770,P0160,2025-01-01,2024-12-20,Accident,Online,249523,224570,Pending,High,Yes,Yes,Yes,1,,31,2025-01-10,,City Garage,Hyderabad,TS
CL00771,P0623,2025-01-01,2024-12-20,Accident,Online,130245,117220,Approved,Low,Yes,Yes,No,0,130245,50,2025-01-10,,Apollo,Hyderabad,TS
CL00772,P0218,2025-01-01,2024-12-20,Medical,Online,15933,14339,Rejected,Low,Yes,Yes,Yes,19,,25,2025-01-10,,City Garage,Hyderabad,TS
CL00773,P0425,2025-01-01,2024-12-20,Accident,Online,199752,179776,Rejected,High,Yes,Yes,No,14,,1,2025-01-10,,City Garage,Hyderabad,TS
CL00774,P0844,2025-01-01,2024-12-20,Accident,Online,143604,129243,Rejected,Low,Yes,Yes,No,69,,8,2025-01-10,,City Garage,Hyderabad,TS
CL00775,P0588,2025-01-01,2024-12-20,Fire,Online,358854,322968,Rejected,Medium,Yes,Yes,Yes,5,,22,2025-01-10,,Apollo,Hyderabad,TS
CL00776,P0338,2025-01-01,2024-12-20,Accident,Online,485720,437148,Pending,High,Yes,Yes,Yes,21,,24,2025-01-10,,Apollo,Hyderabad,TS
CL00777,P0621,2025-01-01,2024-12-20,Theft,Online,309135,278221,Rejected,Low,Yes,Yes,No,33,,34,2025-01-10,,City Garage,Hyderabad,TS
CL00778,P0362,2025-01-01,2024-12-20,Fire,Online,450498,405448,Pending,Low,Yes,Yes,Yes,25,,60,2025-01-10,,City Garage,Hyderabad,TS
CL00779,P0461,2025-01-01,2024-12-20,Fire,Online,386250,347625,Approved,Low,Yes,Yes,No,25,386250,35,2025-01-10,,Apollo,Hyderabad,TS
CL00780,P0192,2025-01-01,2024-12-20,Medical,Online,396795,357115,Rejected,Medium,Yes,Yes,No,96,,7,2025-01-10,,Apollo,Hyderabad,TS
CL00781,P0974,2025-01-01,2024-12-20,Medical,Online,439069,395162,Pending,Medium,Yes,Yes,Yes,40,,32,2025-01-10,,City Garage,Hyderabad,TS
CL00782,P0651,2025-01-01,2024-12-20,Accident,Online,422417,380175, approved ,Low,Yes,Yes,Yes,24,,59,2025-01-10,,Apollo,Hyderabad,TS
CL00783,P0785,2025-01-01,2024-12-20,Accident,Online,131141,118026,Pending,High,Yes,Yes,No,32,,22,2025-01-10,,City Garage,Hyderabad,TS
CL00784,P0583,2025-01-01,2024-12-20,Medical,Online,116389,104750,Approved,Medium,Yes,Yes,Yes,61,116389,14,2025-01-10,,City Garage,Hyderabad,TS
CL00785,P0783,2025-01-01,2024-12-20,Accident,Online,267339,240605,Approved,Low,Yes,Yes,Yes,26,267339,5,2025-01-10,,City Garage,Hyderabad,TS
CL00786,P0321,2025-01-01,2024-12-20,Theft,Online,397665,357898,Approved,High,Yes,Yes,Yes,34,397665,33,2025-01-10,,City Garage,Hyderabad,TS
CL00787,P0133,2025-01-01,2024-12-20,Fire,Online,30590,27531,Pending,Medium,Yes,Yes,Yes,48,,46,2025-01-10,,City Garage,Hyderabad,TS
CL00788,P0464,2025-01-01,2024-12-20,Medical,Online,327736,294962,Rejected,Low,Yes,Yes,No,27,,6,2025-01-10,,Apollo,Hyderabad,TS
CL00789,P0458,2025-01-01,2024-12-20,Medical,Online,388179,349361,Approved,Low,Yes,Yes,No,82,388179,13,2025-01-10,,Apollo,Hyderabad,TS
CL00790,P0742,2025-01-01,2024-12-20,Fire,Online,141903,127712,Pending,High,Yes,Yes,No,10,,9,2025-01-10,,City Garage,Hyderabad,TS
CL00791,P0442,2025-01-01,2024-12-20,Accident,Online,435256,391730,Rejected,High,Yes,Yes,Yes,30,,34,2025-01-10,,City Garage,Hyderabad,TS
CL00792,P0814,2025-01-01,2024-12-20,Accident,Online,286613,257951, approved ,Medium,Yes,Yes,No,3,,54,2025-01-10,,Apollo,Hyderabad,TS
CL00793,P0257,2025-01-01,2024-12-20,Theft,Online,150082,135073,Approved,Low,Yes,Yes,No,52,150082,5,2025-01-10,,Apollo,Hyderabad,TS
CL00794,P0949,2025-01-01,2024-12-20,Fire,Online,481914,433722, approved ,High,Yes,Yes,No,100,,33,2025-01-10,,Apollo,Hyderabad,TS
CL00795,P0380,2025-01-01,2024-12-20,Fire,Online,216534,194880,Pending,Medium,Yes,Yes,No,93,,43,2025-01-10,,City Garage,Hyderabad,TS
CL00796,P0822,2025-01-01,2024-12-20,Medical,Online,213961,192564,Approved,Medium,Yes,Yes,Yes,97,213961,42,2025-01-10,,City Garage,Hyderabad,TS
CL00797,P0955,2025-01-01,2024-12-20,Medical,Online,428033,385229, approved ,High,Yes,Yes,Yes,53,,60,2025-01-10,,City Garage,Hyderabad,TS
CL00798,P0070,2025-01-01,2024-12-20,Theft,Online,467871,421083, approved ,High,Yes,Yes,No,92,,44,2025-01-10,,City Garage,Hyderabad,TS
CL00799,P0803,2025-01-01,2024-12-20,Theft,Online,467377,420639, approved ,Medium,Yes,Yes,No,7,,57,2025-01-10,,Apollo,Hyderabad,TS
CL00800,P0528,2025-01-01,2024-12-20,Theft,Online,193376,174038,Rejected,Medium,Yes,Yes,No,92,,11,2025-01-10,,City Garage,Hyderabad,TS
CL00801,P0753,2025-01-01,2024-12-20,Accident,Online,132725,119452,Approved,Low,Yes,Yes,No,62,132725,31,2025-01-10,,Apollo,Hyderabad,TS
CL00802,P0852,2025-01-01,2024-12-20,Accident,Online,445933,401339,Pending,High,Yes,Yes,No,49,,4,2025-01-10,,Apollo,Hyderabad,TS
CL00803,P0340,2025-01-01,2024-12-20,Medical,Online,90220,81198,Pending,Medium,Yes,Yes,No,47,,33,2025-01-10,,City Garage,Hyderabad,TS
CL00804,P0280,2025-01-01,2024-12-20,Fire,Online,321148,289033,Pending,High,Yes,Yes,Yes,74,,19,2025-01-10,,Apollo,Hyderabad,TS
CL00805,P0962,2025-01-01,2024-12-20,Theft,Online,187764,168987,Rejected,Medium,Yes,Yes,Yes,31,,32,2025-01-10,,City Garage,Hyderabad,TS
CL00806,P0149,2025-01-01,2024-12-20,Fire,Online,239940,215946,Rejected,High,Yes,Yes,Yes,72,,2,2025-01-10,,Apollo,Hyderabad,TS
CL00807,P0132,2025-01-01,2024-12-20,Fire,Online,58904,53013, approved ,Medium,Yes,Yes,No,20,,53,2025-01-10,,City Garage,Hyderabad,TS
CL00808,P0949,2025-01-01,2024-12-20,Fire,Online,393985,354586,Rejected,Medium,Yes,Yes,Yes,60,,9,2025-01-10,,City Garage,Hyderabad,TS
CL00809,P0320,2025-01-01,2024-12-20,Accident,Online,50387,45348,Approved,Medium,Yes,Yes,Yes,12,50387,35,2025-01-10,,City Garage,Hyderabad,TS
CL00810,P0069,2025-01-01,2024-12-20,Accident,Online,238364,214527,Rejected,High,Yes,Yes,Yes,66,,59,2025-01-10,,City Garage,Hyderabad,TS
CL00811,P0558,2025-01-01,2024-12-20,Medical,Online,409155,368239,Rejected,Low,Yes,Yes,Yes,66,,31,2025-01-10,,Apollo,Hyderabad,TS
CL00812,P0725,2025-01-01,2024-12-20,Accident,Online,62246,56021, approved ,High,Yes,Yes,No,52,,5,2025-01-10,,City Garage,Hyderabad,TS
CL00813,P0451,2025-01-01,2024-12-20,Accident,Online,338121,304308,Approved,Medium,Yes,Yes,No,42,338121,3,2025-01-10,,City Garage,Hyderabad,TS
CL00814,P0761,2025-01-01,2024-12-20,Fire,Online,411171,370053,Rejected,Low,Yes,Yes,Yes,64,,60,2025-01-10,,City Garage,Hyderabad,TS
CL00815,P0239,2025-01-01,2024-12-20,Theft,Online,401477,361329, approved ,High,Yes,Yes,No,68,,1,2025-01-10,,Apollo,Hyderabad,TS
CL00816,P0591,2025-01-01,2024-12-20,Medical,Online,35426,31883, approved ,Medium,Yes,Yes,Yes,34,,46,2025-01-10,,Apollo,Hyderabad,TS
CL00817,P0698,2025-01-01,2024-12-20,Accident,Online,484712,436240,Rejected,Medium,Yes,Yes,Yes,25,,43,2025-01-10,,Apollo,Hyderabad,TS
CL00818,P0874,2025-01-01,2024-12-20,Accident,Online,179013,161111, approved ,Low,Yes,Yes,No,56,,44,2025-01-10,,City Garage,Hyderabad,TS
CL00819,P0228,2025-01-01,2024-12-20,Medical,Online,112650,101385,Rejected,Low,Yes,Yes,Yes,25,,7,2025-01-10,,Apollo,Hyderabad,TS
CL00820,P0251,2025-01-01,2024-12-20,Theft,Online,200688,180619,Rejected,High,Yes,Yes,Yes,18,,39,2025-01-10,,Apollo,Hyderabad,TS
CL00821,P0447,2025-01-01,2024-12-20,Theft,Online,57165,51448,Approved,Medium,Yes,Yes,Yes,77,57165,7,2025-01-10,,City Garage,Hyderabad,TS
CL00822,P0512,2025-01-01,2024-12-20,Accident,Online,48923,44030,Approved,Medium,Yes,Yes,Yes,59,48923,9,2025-01-10,,Apollo,Hyderabad,TS
CL00823,P0623,2025-01-01,2024-12-20,Theft,Online,436455,392809,Pending,Medium,Yes,Yes,Yes,51,,26,2025-01-10,,City Garage,Hyderabad,TS
CL00824,P0727,2025-01-01,2024-12-20,Accident,Online,242051,217845,Pending,Medium,Yes,Yes,Yes,27,,38,2025-01-10,,City Garage,Hyderabad,TS
CL00825,P0446,2025-01-01,2024-12-20,Accident,Online,353777,318399,Pending,Low,Yes,Yes,No,17,,11,2025-01-10,,Apollo,Hyderabad,TS
CL00826,P0441,2025-01-01,2024-12-20,Medical,Online,464571,418113,Pending,Low,Yes,Yes,Yes,94,,7,2025-01-10,,Apollo,Hyderabad,TS
CL00827,P0311,2025-01-01,2024-12-20,Fire,Online,130152,117136, approved ,Medium,Yes,Yes,Yes,37,,52,2025-01-10,,Apollo,Hyderabad,TS
CL00828,P0327,2025-01-01,2024-12-20,Accident,Online,204864,184377,Pending,High,Yes,Yes,No,74,,28,2025-01-10,,City Garage,Hyderabad,TS
CL00829,P0196,2025-01-01,2024-12-20,Medical,Online,184141,165726,Pending,High,Yes,Yes,No,0,,55,2025-01-10,,Apollo,Hyderabad,TS
CL00830,P0626,2025-01-01,2024-12-20,Medical,Online,26520,23868,Rejected,Medium,Yes,Yes,Yes,2,,39,2025-01-10,,Apollo,Hyderabad,TS
CL00831,P0871,2025-01-01,2024-12-20,Fire,Online,139274,125346,Pending,High,Yes,Yes,Yes,71,,56,2025-01-10,,City Garage,Hyderabad,TS
CL00832,P0066,2025-01-01,2024-12-20,Medical,Online,453020,407718,Approved,High,Yes,Yes,No,45,453020,27,2025-01-10,,City Garage,Hyderabad,TS
CL00833,P0609,2025-01-01,2024-12-20,Accident,Online,108422,97579,Approved,Low,Yes,Yes,No,26,108422,10,2025-01-10,,Apollo,Hyderabad,TS
CL00834,P0902,2025-01-01,2024-12-20,Fire,Online,186612,167950,Approved,High,Yes,Yes,Yes,9,186612,45,2025-01-10,,City Garage,Hyderabad,TS
CL00835,P0842,2025-01-01,2024-12-20,Medical,Online,277699,249929, approved ,Low,Yes,Yes,Yes,51,,38,2025-01-10,,City Garage,Hyderabad,TS
CL00836,P0375,2025-01-01,2024-12-20,Fire,Online,266724,240051, approved ,Medium,Yes,Yes,No,39,,9,2025-01-10,,Apollo,Hyderabad,TS
CL00837,P0883,2025-01-01,2024-12-20,Accident,Online,188072,169264, approved ,Low,Yes,Yes,No,8,,31,2025-01-10,,Apollo,Hyderabad,TS
CL00838,P0884,2025-01-01,2024-12-20,Fire,Online,151476,136328, approved ,High,Yes,Yes,No,13,,26,2025-01-10,,Apollo,Hyderabad,TS
CL00839,P0832,2025-01-01,2024-12-20,Medical,Online,438826,394943,Approved,High,Yes,Yes,No,1,438826,16,2025-01-10,,Apollo,Hyderabad,TS
CL00840,P0035,2025-01-01,2024-12-20,Theft,Online,342932,308638,Rejected,High,Yes,Yes,Yes,63,,25,2025-01-10,,Apollo,Hyderabad,TS
CL00841,P0912,2025-01-01,2024-12-20,Medical,Online,481792,433612,Rejected,Low,Yes,Yes,Yes,15,,6,2025-01-10,,Apollo,Hyderabad,TS
CL00842,P0772,2025-01-01,2024-12-20,Accident,Online,376582,338923, approved ,Medium,Yes,Yes,No,74,,56,2025-01-10,,City Garage,Hyderabad,TS
CL00843,P0662,2025-01-01,2024-12-20,Theft,Online,40641,36576,Approved,Medium,Yes,Yes,No,94,40641,29,2025-01-10,,Apollo,Hyderabad,TS
CL00844,P0209,2025-01-01,2024-12-20,Theft,Online,81636,73472, approved ,High,Yes,Yes,Yes,52,,13,2025-01-10,,City Garage,Hyderabad,TS
CL00845,P0097,2025-01-01,2024-12-20,Medical,Online,413964,372567,Approved,Low,Yes,Yes,Yes,82,413964,9,2025-01-10,,Apollo,Hyderabad,TS
CL00846,P0159,2025-01-01,2024-12-20,Accident,Online,204324,183891, approved ,High,Yes,Yes,Yes,32,,48,2025-01-10,,Apollo,Hyderabad,TS
CL00847,P0897,2025-01-01,2024-12-20,Theft,Online,320439,288395,Rejected,Low,Yes,Yes,Yes,0,,32,2025-01-10,,City Garage,Hyderabad,TS
CL00848,P0778,2025-01-01,2024-12-20,Accident,Online,340981,306882,Pending,Low,Yes,Yes,Yes,58,,4,2025-01-10,,City Garage,Hyderabad,TS
CL00849,P0149,2025-01-01,2024-12-20,Medical,Online,199187,179268,Pending,Medium,Yes,Yes,No,52,,7,2025-01-10,,Apollo,Hyderabad,TS
CL00850,P0999,2025-01-01,2024-12-20,Fire,Online,191891,172701,Rejected,High,Yes,Yes,Yes,7,,50,2025-01-10,,Apollo,Hyderabad,TS
CL00851,P0131,2025-01-01,2024-12-20,Medical,Online,405561,365004,Pending,Low,Yes,Yes,No,6,,36,2025-01-10,,City Garage,Hyderabad,TS
CL00852,P0838,2025-01-01,2024-12-20,Accident,Online,401964,361767,Rejected,High,Yes,Yes,No,60,,53,2025-01-10,,City Garage,Hyderabad,TS
CL00853,P0807,2025-01-01,2024-12-20,Medical,Online,141099,126989, approved ,High,Yes,Yes,Yes,16,,42,2025-01-10,,City Garage,Hyderabad,TS
CL00854,P0824,2025-01-01,2024-12-20,Fire,Online,452689,407420,Approved,High,Yes,Yes,No,90,452689,58,2025-01-10,,Apollo,Hyderabad,TS
CL00855,P0558,2025-01-01,2024-12-20,Accident,Online,293428,264085,Approved,Low,Yes,Yes,No,68,293428,24,2025-01-10,,Apollo,Hyderabad,TS
CL00856,P0468,2025-01-01,2024-12-20,Theft,Online,272300,245070,Rejected,Low,Yes,Yes,Yes,97,,36,2025-01-10,,Apollo,Hyderabad,TS
CL00857,P0634,2025-01-01,2024-12-20,Accident,Online,112124,100911,Rejected,High,Yes,Yes,No,4,,13,2025-01-10,,City Garage,Hyderabad,TS
CL00858,P0632,2025-01-01,2024-12-20,Fire,Online,326453,293807,Rejected,High,Yes,Yes,No,53,,25,2025-01-10,,City Garage,Hyderabad,TS
CL00859,P0868,2025-01-01,2024-12-20,Theft,Online,456383,410744,Rejected,Low,Yes,Yes,No,100,,9,2025-01-10,,Apollo,Hyderabad,TS
CL00860,P0646,2025-01-01,2024-12-20,Theft,Online,388673,349805,Approved,High,Yes,Yes,Yes,10,388673,53,2025-01-10,,City Garage,Hyderabad,TS
CL00861,P0524,2025-01-01,2024-12-20,Theft,Online,155867,140280,Rejected,Low,Yes,Yes,No,3,,56,2025-01-10,,Apollo,Hyderabad,TS
CL00862,P0718,2025-01-01,2024-12-20,Fire,Online,281742,253567, approved ,Low,Yes,Yes,No,25,,15,2025-01-10,,City Garage,Hyderabad,TS
CL00863,P0108,2025-01-01,2024-12-20,Medical,Online,379643,341678,Approved,High,Yes,Yes,No,79,379643,19,2025-01-10,,City Garage,Hyderabad,TS
CL00864,P0763,2025-01-01,2024-12-20,Theft,Online,240796,216716,Approved,High,Yes,Yes,No,85,240796,10,2025-01-10,,City Garage,Hyderabad,TS
CL00865,P0556,2025-01-01,2024-12-20,Fire,Online,46278,41650, approved ,Low,Yes,Yes,No,55,,50,2025-01-10,,City Garage,Hyderabad,TS
CL00866,P0869,2025-01-01,2024-12-20,Medical,Online,216228,194605, approved ,High,Yes,Yes,No,97,,14,2025-01-10,,City Garage,Hyderabad,TS
CL00867,P0354,2025-01-01,2024-12-20,Medical,Online,282603,254342, approved ,Medium,Yes,Yes,Yes,13,,58,2025-01-10,,City Garage,Hyderabad,TS
CL00868,P0750,2025-01-01,2024-12-20,Fire,Online,72125,64912,Pending,High,Yes,Yes,No,13,,52,2025-01-10,,City Garage,Hyderabad,TS
CL00869,P0866,2025-01-01,2024-12-20,Medical,Online,316106,284495,Approved,Low,Yes,Yes,Yes,5,316106,40,2025-01-10,,Apollo,Hyderabad,TS
CL00870,P0647,2025-01-01,2024-12-20,Accident,Online,11846,10661,Pending,High,Yes,Yes,No,70,,57,2025-01-10,,Apollo,Hyderabad,TS
CL00871,P0832,2025-01-01,2024-12-20,Fire,Online,342530,308277,Pending,Medium,Yes,Yes,No,1,,41,2025-01-10,,Apollo,Hyderabad,TS
CL00872,P0885,2025-01-01,2024-12-20,Theft,Online,119540,107586,Pending,High,Yes,Yes,Yes,46,,20,2025-01-10,,Apollo,Hyderabad,TS
CL00873,P0764,2025-01-01,2024-12-20,Theft,Online,387298,348568,Rejected,High,Yes,Yes,Yes,32,,48,2025-01-10,,Apollo,Hyderabad,TS
CL00874,P0830,2025-01-01,2024-12-20,Medical,Online,376664,338997, approved ,Low,Yes,Yes,No,48,,25,2025-01-10,,Apollo,Hyderabad,TS
CL00875,P0351,2025-01-01,2024-12-20,Medical,Online,410108,369097,Approved,High,Yes,Yes,Yes,22,410108,5,2025-01-10,,City Garage,Hyderabad,TS
CL00876,P0078,2025-01-01,2024-12-20,Fire,Online,279229,251306, approved ,High,Yes,Yes,No,42,,53,2025-01-10,,Apollo,Hyderabad,TS
CL00877,P0602,2025-01-01,2024-12-20,Fire,Online,442436,398192,Pending,Low,Yes,Yes,Yes,53,,12,2025-01-10,,Apollo,Hyderabad,TS
CL00878,P0463,2025-01-01,2024-12-20,Fire,Online,391088,351979, approved ,Medium,Yes,Yes,No,17,,53,2025-01-10,,City Garage,Hyderabad,TS
CL00879,P0447,2025-01-01,2024-12-20,Accident,Online,278670,250803,Rejected,Medium,Yes,Yes,No,36,,47,2025-01-10,,Apollo,Hyderabad,TS
CL00880,P0263,2025-01-01,2024-12-20,Medical,Online,403013,362711,Pending,Medium,Yes,Yes,Yes,31,,28,2025-01-10,,Apollo,Hyderabad,TS
CL00881,P0183,2025-01-01,2024-12-20,Accident,Online,209009,188108,Approved,Low,Yes,Yes,Yes,8,209009,28,2025-01-10,,Apollo,Hyderabad,TS
CL00882,P0703,2025-01-01,2024-12-20,Accident,Online,19749,17774,Approved,High,Yes,Yes,Yes,18,19749,5,2025-01-10,,Apollo,Hyderabad,TS
CL00883,P0915,2025-01-01,2024-12-20,Fire,Online,391369,352232,Rejected,High,Yes,Yes,Yes,49,,10,2025-01-10,,City Garage,Hyderabad,TS
CL00884,P0462,2025-01-01,2024-12-20,Fire,Online,162927,146634,Rejected,High,Yes,Yes,Yes,75,,43,2025-01-10,,City Garage,Hyderabad,TS
CL00885,P0443,2025-01-01,2024-12-20,Fire,Online,199290,179361, approved ,Medium,Yes,Yes,Yes,72,,54,2025-01-10,,City Garage,Hyderabad,TS
CL00886,P0809,2025-01-01,2024-12-20,Medical,Online,303243,272918,Pending,High,Yes,Yes,No,9,,18,2025-01-10,,City Garage,Hyderabad,TS
CL00887,P0974,2025-01-01,2024-12-20,Medical,Online,491066,441959,Approved,High,Yes,Yes,Yes,62,491066,20,2025-01-10,,City Garage,Hyderabad,TS
CL00888,P0521,2025-01-01,2024-12-20,Accident,Online,440344,396309,Approved,Low,Yes,Yes,No,22,440344,60,2025-01-10,,City Garage,Hyderabad,TS
CL00889,P0186,2025-01-01,2024-12-20,Theft,Online,259606,233645,Rejected,Medium,Yes,Yes,No,12,,34,2025-01-10,,Apollo,Hyderabad,TS
CL00890,P0119,2025-01-01,2024-12-20,Theft,Online,271499,244349,Pending,Medium,Yes,Yes,No,54,,44,2025-01-10,,Apollo,Hyderabad,TS
CL00891,P0220,2025-01-01,2024-12-20,Medical,Online,39544,35589, approved ,Medium,Yes,Yes,Yes,12,,14,2025-01-10,,Apollo,Hyderabad,TS
CL00892,P0262,2025-01-01,2024-12-20,Theft,Online,117430,105687,Approved,Low,Yes,Yes,No,54,117430,58,2025-01-10,,Apollo,Hyderabad,TS
CL00893,P0450,2025-01-01,2024-12-20,Theft,Online,62327,56094,Rejected,Low,Yes,Yes,No,22,,41,2025-01-10,,Apollo,Hyderabad,TS
CL00894,P0527,2025-01-01,2024-12-20,Theft,Online,323055,290749,Pending,Medium,Yes,Yes,Yes,9,,7,2025-01-10,,City Garage,Hyderabad,TS
CL00895,P0804,2025-01-01,2024-12-20,Accident,Online,381894,343704,Pending,High,Yes,Yes,Yes,4,,55,2025-01-10,,Apollo,Hyderabad,TS
CL00896,P0440,2025-01-01,2024-12-20,Accident,Online,271896,244706,Pending,Low,Yes,Yes,Yes,65,,17,2025-01-10,,City Garage,Hyderabad,TS
CL00897,P0612,2025-01-01,2024-12-20,Accident,Online,217835,196051, approved ,Low,Yes,Yes,No,4,,21,2025-01-10,,Apollo,Hyderabad,TS
CL00898,P0585,2025-01-01,2024-12-20,Accident,Online,249744,224769,Pending,Low,Yes,Yes,Yes,86,,27,2025-01-10,,City Garage,Hyderabad,TS
CL00899,P0366,2025-01-01,2024-12-20,Fire,Online,457906,412115,Pending,High,Yes,Yes,No,74,,33,2025-01-10,,City Garage,Hyderabad,TS
CL00900,P0424,2025-01-01,2024-12-20,Medical,Online,220817,198735,Rejected,Medium,Yes,Yes,No,78,,60,2025-01-10,,Apollo,Hyderabad,TS
CL00901,P0343,2025-01-01,2024-12-20,Accident,Online,132912,119620,Pending,High,Yes,Yes,Yes,22,,47,2025-01-10,,City Garage,Hyderabad,TS
CL00902,P0842,2025-01-01,2024-12-20,Theft,Online,333678,300310,Pending,High,Yes,Yes,No,34,,48,2025-01-10,,City Garage,Hyderabad,TS
CL00903,P0550,2025-01-01,2024-12-20,Accident,Online,148625,133762,Approved,Low,Yes,Yes,No,63,148625,57,2025-01-10,,Apollo,Hyderabad,TS
CL00904,P0539,2025-01-01,2024-12-20,Fire,Online,230897,207807,Rejected,Low,Yes,Yes,Yes,85,,55,2025-01-10,,Apollo,Hyderabad,TS
CL00905,P0155,2025-01-01,2024-12-20,Medical,Online,398568,358711,Rejected,Medium,Yes,Yes,No,47,,38,2025-01-10,,City Garage,Hyderabad,TS
CL00906,P0561,2025-01-01,2024-12-20,Medical,Online,243393,219053,Pending,High,Yes,Yes,No,77,,14,2025-01-10,,City Garage,Hyderabad,TS
CL00907,P0705,2025-01-01,2024-12-20,Theft,Online,497474,447726,Rejected,High,Yes,Yes,Yes,17,,17,2025-01-10,,Apollo,Hyderabad,TS
CL00908,P0444,2025-01-01,2024-12-20,Accident,Online,440951,396855,Approved,Low,Yes,Yes,Yes,22,440951,43,2025-01-10,,City Garage,Hyderabad,TS
CL00909,P0547,2025-01-01,2024-12-20,Medical,Online,264698,238228,Pending,High,Yes,Yes,No,8,,37,2025-01-10,,City Garage,Hyderabad,TS
CL00910,P0946,2025-01-01,2024-12-20,Theft,Online,397047,357342, approved ,Low,Yes,Yes,Yes,78,,39,2025-01-10,,City Garage,Hyderabad,TS
CL00911,P0827,2025-01-01,2024-12-20,Fire,Online,284202,255781,Pending,High,Yes,Yes,No,64,,42,2025-01-10,,Apollo,Hyderabad,TS
CL00912,P0064,2025-01-01,2024-12-20,Accident,Online,445219,400697, approved ,Medium,Yes,Yes,No,6,,29,2025-01-10,,City Garage,Hyderabad,TS
CL00913,P0369,2025-01-01,2024-12-20,Theft,Online,401946,361751,Rejected,High,Yes,Yes,Yes,32,,51,2025-01-10,,City Garage,Hyderabad,TS
CL00914,P0819,2025-01-01,2024-12-20,Fire,Online,326236,293612,Pending,Low,Yes,Yes,No,77,,10,2025-01-10,,City Garage,Hyderabad,TS
CL00915,P0045,2025-01-01,2024-12-20,Accident,Online,446850,402165,Rejected,Medium,Yes,Yes,No,23,,51,2025-01-10,,City Garage,Hyderabad,TS
CL00916,P0476,2025-01-01,2024-12-20,Accident,Online,60381,54342, approved ,Medium,Yes,Yes,No,12,,5,2025-01-10,,City Garage,Hyderabad,TS
CL00917,P0606,2025-01-01,2024-12-20,Accident,Online,371323,334190,Pending,High,Yes,Yes,No,44,,52,2025-01-10,,Apollo,Hyderabad,TS
CL00918,P0199,2025-01-01,2024-12-20,Fire,Online,123264,110937, approved ,Medium,Yes,Yes,Yes,40,,24,2025-01-10,,City Garage,Hyderabad,TS
CL00919,P0989,2025-01-01,2024-12-20,Medical,Online,389042,350137,Pending,Medium,Yes,Yes,Yes,78,,2,2025-01-10,,Apollo,Hyderabad,TS
CL00920,P0126,2025-01-01,2024-12-20,Medical,Online,394616,355154,Approved,Medium,Yes,Yes,Yes,88,394616,34,2025-01-10,,City Garage,Hyderabad,TS
CL00921,P0493,2025-01-01,2024-12-20,Accident,Online,335123,301610,Approved,High,Yes,Yes,Yes,53,335123,30,2025-01-10,,Apollo,Hyderabad,TS
CL00922,P0817,2025-01-01,2024-12-20,Medical,Online,162341,146106,Approved,High,Yes,Yes,No,90,162341,56,2025-01-10,,Apollo,Hyderabad,TS
CL00923,P0940,2025-01-01,2024-12-20,Theft,Online,57195,51475,Pending,High,Yes,Yes,Yes,34,,35,2025-01-10,,Apollo,Hyderabad,TS
CL00924,P0047,2025-01-01,2024-12-20,Medical,Online,368550,331695, approved ,Medium,Yes,Yes,No,76,,13,2025-01-10,,City Garage,Hyderabad,TS
CL00925,P0461,2025-01-01,2024-12-20,Medical,Online,30756,27680, approved ,Low,Yes,Yes,No,84,,32,2025-01-10,,City Garage,Hyderabad,TS
CL00926,P0745,2025-01-01,2024-12-20,Accident,Online,293971,264573, approved ,High,Yes,Yes,No,81,,22,2025-01-10,,City Garage,Hyderabad,TS
CL00927,P0552,2025-01-01,2024-12-20,Accident,Online,186498,167848,Pending,Low,Yes,Yes,No,64,,19,2025-01-10,,Apollo,Hyderabad,TS
CL00928,P0093,2025-01-01,2024-12-20,Theft,Online,294511,265059,Approved,High,Yes,Yes,No,87,294511,45,2025-01-10,,City Garage,Hyderabad,TS
CL00929,P0726,2025-01-01,2024-12-20,Medical,Online,246911,222219,Pending,Low,Yes,Yes,No,18,,42,2025-01-10,,City Garage,Hyderabad,TS
CL00930,P0773,2025-01-01,2024-12-20,Accident,Online,54269,48842,Pending,Low,Yes,Yes,No,29,,10,2025-01-10,,City Garage,Hyderabad,TS
CL00931,P0534,2025-01-01,2024-12-20,Fire,Online,331646,298481, approved ,High,Yes,Yes,No,30,,43,2025-01-10,,Apollo,Hyderabad,TS
CL00932,P0102,2025-01-01,2024-12-20,Accident,Online,404763,364286, approved ,Medium,Yes,Yes,No,27,,32,2025-01-10,,City Garage,Hyderabad,TS
CL00933,P0113,2025-01-01,2024-12-20,Fire,Online,31209,28088,Approved,Low,Yes,Yes,Yes,79,31209,4,2025-01-10,,City Garage,Hyderabad,TS
CL00934,P0269,2025-01-01,2024-12-20,Accident,Online,163265,146938,Pending,High,Yes,Yes,No,87,,25,2025-01-10,,Apollo,Hyderabad,TS
CL00935,P0308,2025-01-01,2024-12-20,Accident,Online,382149,343934, approved ,Low,Yes,Yes,Yes,88,,45,2025-01-10,,Apollo,Hyderabad,TS
CL00936,P0133,2025-01-01,2024-12-20,Accident,Online,363402,327061, approved ,Low,Yes,Yes,Yes,10,,9,2025-01-10,,Apollo,Hyderabad,TS
CL00937,P0917,2025-01-01,2024-12-20,Medical,Online,476334,428700,Rejected,Low,Yes,Yes,No,97,,25,2025-01-10,,Apollo,Hyderabad,TS
CL00938,P0219,2025-01-01,2024-12-20,Medical,Online,278432,250588, approved ,Medium,Yes,Yes,No,47,,20,2025-01-10,,City Garage,Hyderabad,TS
CL00939,P0217,2025-01-01,2024-12-20,Theft,Online,244771,220293, approved ,Medium,Yes,Yes,Yes,5,,6,2025-01-10,,City Garage,Hyderabad,TS
CL00940,P0130,2025-01-01,2024-12-20,Fire,Online,471207,424086, approved ,Medium,Yes,Yes,Yes,71,,13,2025-01-10,,City Garage,Hyderabad,TS
CL00941,P0468,2025-01-01,2024-12-20,Accident,Online,400690,360621, approved ,Low,Yes,Yes,No,61,,25,2025-01-10,,Apollo,Hyderabad,TS
CL00942,P0581,2025-01-01,2024-12-20,Accident,Online,271260,244134,Approved,High,Yes,Yes,Yes,20,271260,43,2025-01-10,,Apollo,Hyderabad,TS
CL00943,P0525,2025-01-01,2024-12-20,Fire,Online,92809,83528,Pending,Low,Yes,Yes,No,34,,3,2025-01-10,,City Garage,Hyderabad,TS
CL00944,P0265,2025-01-01,2024-12-20,Accident,Online,146684,132015, approved ,Low,Yes,Yes,No,55,,8,2025-01-10,,Apollo,Hyderabad,TS
CL00945,P0549,2025-01-01,2024-12-20,Medical,Online,455393,409853,Pending,Low,Yes,Yes,Yes,31,,34,2025-01-10,,City Garage,Hyderabad,TS
CL00946,P0954,2025-01-01,2024-12-20,Accident,Online,465101,418590, approved ,High,Yes,Yes,No,33,,19,2025-01-10,,Apollo,Hyderabad,TS
CL00947,P0259,2025-01-01,2024-12-20,Accident,Online,125615,113053, approved ,Medium,Yes,Yes,Yes,100,,19,2025-01-10,,Apollo,Hyderabad,TS
CL00948,P0660,2025-01-01,2024-12-20,Medical,Online,135651,122085,Pending,Medium,Yes,Yes,Yes,100,,57,2025-01-10,,City Garage,Hyderabad,TS
CL00949,P0603,2025-01-01,2024-12-20,Accident,Online,212319,191087,Approved,Low,Yes,Yes,Yes,1,212319,50,2025-01-10,,Apollo,Hyderabad,TS
CL00950,P0242,2025-01-01,2024-12-20,Fire,Online,300075,270067, approved ,High,Yes,Yes,No,71,,50,2025-01-10,,City Garage,Hyderabad,TS
CL00951,P0186,2025-01-01,2024-12-20,Fire,Online,251270,226143,Approved,Low,Yes,Yes,No,15,251270,21,2025-01-10,,Apollo,Hyderabad,TS
CL00952,P0148,2025-01-01,2024-12-20,Theft,Online,139179,125261,Approved,High,Yes,Yes,Yes,43,139179,5,2025-01-10,,Apollo,Hyderabad,TS
CL00953,P0789,2025-01-01,2024-12-20,Theft,Online,68123,61310,Approved,High,Yes,Yes,Yes,40,68123,15,2025-01-10,,Apollo,Hyderabad,TS
CL00954,P0693,2025-01-01,2024-12-20,Accident,Online,138888,124999, approved ,Low,Yes,Yes,Yes,65,,42,2025-01-10,,City Garage,Hyderabad,TS
CL00955,P0563,2025-01-01,2024-12-20,Accident,Online,321647,289482,Rejected,Low,Yes,Yes,Yes,61,,10,2025-01-10,,Apollo,Hyderabad,TS
CL00956,P0686,2025-01-01,2024-12-20,Accident,Online,61177,55059, approved ,Medium,Yes,Yes,No,43,,51,2025-01-10,,Apollo,Hyderabad,TS
CL00957,P0736,2025-01-01,2024-12-20,Fire,Online,358625,322762,Pending,Medium,Yes,Yes,Yes,47,,26,2025-01-10,,City Garage,Hyderabad,TS
CL00958,P0304,2025-01-01,2024-12-20,Theft,Online,6352,5716, approved ,Low,Yes,Yes,Yes,4,,45,2025-01-10,,City Garage,Hyderabad,TS
CL00959,P0536,2025-01-01,2024-12-20,Accident,Online,406618,365956,Pending,High,Yes,Yes,Yes,81,,8,2025-01-10,,City Garage,Hyderabad,TS
CL00960,P0570,2025-01-01,2024-12-20,Medical,Online,135126,121613,Pending,Low,Yes,Yes,Yes,20,,31,2025-01-10,,Apollo,Hyderabad,TS
CL00961,P0253,2025-01-01,2024-12-20,Theft,Online,150524,135471,Rejected,Low,Yes,Yes,No,43,,11,2025-01-10,,City Garage,Hyderabad,TS
CL00962,P0273,2025-01-01,2024-12-20,Accident,Online,9905,8914,Rejected,High,Yes,Yes,No,76,,21,2025-01-10,,Apollo,Hyderabad,TS
CL00963,P0173,2025-01-01,2024-12-20,Fire,Online,274498,247048,Pending,High,Yes,Yes,No,53,,39,2025-01-10,,City Garage,Hyderabad,TS
CL00964,P0125,2025-01-01,2024-12-20,Medical,Online,64837,58353, approved ,Medium,Yes,Yes,Yes,5,,28,2025-01-10,,Apollo,Hyderabad,TS
CL00965,P0436,2025-01-01,2024-12-20,Theft,Online,73251,65925,Rejected,High,Yes,Yes,Yes,89,,10,2025-01-10,,Apollo,Hyderabad,TS
CL00966,P0404,2025-01-01,2024-12-20,Theft,Online,131627,118464, approved ,Medium,Yes,Yes,Yes,1,,44,2025-01-10,,Apollo,Hyderabad,TS
CL00967,P0945,2025-01-01,2024-12-20,Fire,Online,31805,28624,Pending,High,Yes,Yes,No,84,,34,2025-01-10,,Apollo,Hyderabad,TS
CL00968,P0633,2025-01-01,2024-12-20,Theft,Online,370419,333377, approved ,Low,Yes,Yes,No,19,,40,2025-01-10,,Apollo,Hyderabad,TS
CL00969,P0530,2025-01-01,2024-12-20,Medical,Online,206096,185486,Rejected,Low,Yes,Yes,No,7,,39,2025-01-10,,Apollo,Hyderabad,TS
CL00970,P0387,2025-01-01,2024-12-20,Accident,Online,240608,216547,Rejected,High,Yes,Yes,No,60,,20,2025-01-10,,City Garage,Hyderabad,TS
CL00971,P0971,2025-01-01,2024-12-20,Medical,Online,17316,15584, approved ,Medium,Yes,Yes,No,13,,42,2025-01-10,,Apollo,Hyderabad,TS
CL00972,P0192,2025-01-01,2024-12-20,Accident,Online,102911,92619,Rejected,Medium,Yes,Yes,Yes,56,,19,2025-01-10,,City Garage,Hyderabad,TS
CL00973,P0328,2025-01-01,2024-12-20,Medical,Online,418928,377035,Pending,Medium,Yes,Yes,Yes,70,,13,2025-01-10,,Apollo,Hyderabad,TS
CL00974,P0994,2025-01-01,2024-12-20,Theft,Online,368559,331703,Approved,Medium,Yes,Yes,Yes,40,368559,60,2025-01-10,,Apollo,Hyderabad,TS
CL00975,P0752,2025-01-01,2024-12-20,Theft,Online,243854,219468,Rejected,Medium,Yes,Yes,No,23,,10,2025-01-10,,City Garage,Hyderabad,TS
CL00976,P0085,2025-01-01,2024-12-20,Accident,Online,20236,18212,Approved,Low,Yes,Yes,No,37,20236,25,2025-01-10,,Apollo,Hyderabad,TS
CL00977,P0377,2025-01-01,2024-12-20,Medical,Online,404555,364099,Rejected,Medium,Yes,Yes,Yes,83,,60,2025-01-10,,City Garage,Hyderabad,TS
CL00978,P0458,2025-01-01,2024-12-20,Fire,Online,75311,67779,Rejected,Low,Yes,Yes,No,3,,22,2025-01-10,,City Garage,Hyderabad,TS
CL00979,P0990,2025-01-01,2024-12-20,Fire,Online,125186,112667,Approved,Medium,Yes,Yes,No,19,125186,11,2025-01-10,,Apollo,Hyderabad,TS
CL00980,P0702,2025-01-01,2024-12-20,Medical,Online,103284,92955,Approved,High,Yes,Yes,Yes,94,103284,34,2025-01-10,,Apollo,Hyderabad,TS
CL00981,P0704,2025-01-01,2024-12-20,Accident,Online,348982,314083,Pending,Medium,Yes,Yes,Yes,82,,4,2025-01-10,,Apollo,Hyderabad,TS
CL00982,P0745,2025-01-01,2024-12-20,Fire,Online,59911,53919,Approved,Medium,Yes,Yes,No,77,59911,4,2025-01-10,,Apollo,Hyderabad,TS
CL00983,P0736,2025-01-01,2024-12-20,Theft,Online,316787,285108,Rejected,Low,Yes,Yes,Yes,4,,14,2025-01-10,,City Garage,Hyderabad,TS
CL00984,P0300,2025-01-01,2024-12-20,Theft,Online,307773,276995,Approved,High,Yes,Yes,Yes,12,307773,40,2025-01-10,,City Garage,Hyderabad,TS
CL00985,P0352,2025-01-01,2024-12-20,Accident,Online,484085,435676,Rejected,Medium,Yes,Yes,Yes,64,,8,2025-01-10,,City Garage,Hyderabad,TS
CL00986,P0261,2025-01-01,2024-12-20,Accident,Online,428940,386046,Rejected,Low,Yes,Yes,No,82,,13,2025-01-10,,City Garage,Hyderabad,TS
CL00987,P0055,2025-01-01,2024-12-20,Fire,Online,32685,29416, approved ,Medium,Yes,Yes,No,9,,20,2025-01-10,,City Garage,Hyderabad,TS
CL00988,P0373,2025-01-01,2024-12-20,Fire,Online,147674,132906,Approved,Medium,Yes,Yes,No,96,147674,23,2025-01-10,,City Garage,Hyderabad,TS
CL00989,P0932,2025-01-01,2024-12-20,Medical,Online,273018,245716,Rejected,High,Yes,Yes,Yes,99,,18,2025-01-10,,City Garage,Hyderabad,TS
CL00990,P0657,2025-01-01,2024-12-20,Fire,Online,247907,223116, approved ,Low,Yes,Yes,Yes,67,,36,2025-01-10,,Apollo,Hyderabad,TS
CL00991,P0149,2025-01-01,2024-12-20,Theft,Online,109408,98467, approved ,High,Yes,Yes,No,56,,16,2025-01-10,,City Garage,Hyderabad,TS
CL00992,P0763,2025-01-01,2024-12-20,Fire,Online,441883,397694,Approved,High,Yes,Yes,No,57,441883,21,2025-01-10,,City Garage,Hyderabad,TS
CL00993,P0027,2025-01-01,2024-12-20,Fire,Online,349548,314593, approved ,Medium,Yes,Yes,Yes,40,,54,2025-01-10,,City Garage,Hyderabad,TS
CL00994,P0554,2025-01-01,2024-12-20,Theft,Online,177023,159320,Pending,Low,Yes,Yes,No,26,,24,2025-01-10,,Apollo,Hyderabad,TS
CL00995,P0901,2025-01-01,2024-12-20,Medical,Online,366386,329747,Approved,High,Yes,Yes,No,75,366386,56,2025-01-10,,City Garage,Hyderabad,TS
CL00996,P0846,2025-01-01,2024-12-20,Medical,Online,170932,153838,Rejected,Medium,Yes,Yes,Yes,5,,20,2025-01-10,,Apollo,Hyderabad,TS
CL00997,P0400,2025-01-01,2024-12-20,Theft,Online,236777,213099,Approved,Low,Yes,Yes,Yes,32,236777,26,2025-01-10,,Apollo,Hyderabad,TS
CL00998,P0988,2025-01-01,2024-12-20,Fire,Online,295238,265714,Approved,High,Yes,Yes,No,94,295238,50,2025-01-10,,Apollo,Hyderabad,TS
CL00999,P0916,2025-01-01,2024-12-20,Medical,Online,55518,49966,Approved,Low,Yes,Yes,Yes,69,55518,11,2025-01-10,,City Garage,Hyderabad,TS
CL01000,P0658,2025-01-01,2024-12-20,Fire,Online,340946,306851,Approved,Low,Yes,Yes,No,11,340946,28,2025-01-10,,City Garage,Hyderabad,TS
CL01001,P0135,2025-01-01,2024-12-20,Medical,Online,172584,155325,Rejected,High,Yes,Yes,No,87,,7,2025-01-10,,City Garage,Hyderabad,TS
CL01002,P0766,2025-01-01,2024-12-20,Theft,Online,318950,287055,Approved,High,Yes,Yes,Yes,81,318950,58,2025-01-10,,Apollo,Hyderabad,TS
CL01003,P0395,2025-01-01,2024-12-20,Theft,Online,430606,387545,Approved,High,Yes,Yes,Yes,71,430606,49,2025-01-10,,City Garage,Hyderabad,TS
CL01004,P0554,2025-01-01,2024-12-20,Medical,Online,498895,449005,Rejected,Low,Yes,Yes,No,66,,29,2025-01-10,,City Garage,Hyderabad,TS
CL01005,P0545,2025-01-01,2024-12-20,Fire,Online,294854,265368,Approved,High,Yes,Yes,No,0,294854,59,2025-01-10,,Apollo,Hyderabad,TS
CL01006,P0308,2025-01-01,2024-12-20,Accident,Online,377681,339912,Rejected,High,Yes,Yes,Yes,5,,25,2025-01-10,,Apollo,Hyderabad,TS
CL01007,P0403,2025-01-01,2024-12-20,Accident,Online,157773,141995, approved ,Low,Yes,Yes,Yes,41,,24,2025-01-10,,City Garage,Hyderabad,TS
CL01008,P0033,2025-01-01,2024-12-20,Medical,Online,113755,102379, approved ,Low,Yes,Yes,Yes,19,,57,2025-01-10,,Apollo,Hyderabad,TS
CL01009,P0935,2025-01-01,2024-12-20,Accident,Online,116622,104959,Pending,High,Yes,Yes,Yes,92,,12,2025-01-10,,City Garage,Hyderabad,TS
CL01010,P0695,2025-01-01,2024-12-20,Accident,Online,235283,211754,Rejected,Low,Yes,Yes,Yes,2,,35,2025-01-10,,Apollo,Hyderabad,TS
CL01011,P0125,2025-01-01,2024-12-20,Accident,Online,276970,249273,Approved,Low,Yes,Yes,No,71,276970,16,2025-01-10,,Apollo,Hyderabad,TS
CL01012,P0362,2025-01-01,2024-12-20,Accident,Online,331682,298513, approved ,High,Yes,Yes,No,96,,41,2025-01-10,,Apollo,Hyderabad,TS
CL01013,P0037,2025-01-01,2024-12-20,Accident,Online,405051,364545, approved ,High,Yes,Yes,No,69,,47,2025-01-10,,Apollo,Hyderabad,TS
CL01014,P0994,2025-01-01,2024-12-20,Medical,Online,390486,351437,Pending,High,Yes,Yes,Yes,71,,51,2025-01-10,,City Garage,Hyderabad,TS
CL01015,P0152,2025-01-01,2024-12-20,Theft,Online,20418,18376,Approved,High,Yes,Yes,No,23,20418,12,2025-01-10,,Apollo,Hyderabad,TS
CL01016,P0069,2025-01-01,2024-12-20,Accident,Online,112687,101418,Rejected,Medium,Yes,Yes,No,12,,31,2025-01-10,,City Garage,Hyderabad,TS
CL01017,P0078,2025-01-01,2024-12-20,Fire,Online,102858,92572,Rejected,Medium,Yes,Yes,Yes,30,,54,2025-01-10,,City Garage,Hyderabad,TS
CL01018,P0709,2025-01-01,2024-12-20,Theft,Online,372899,335609, approved ,Low,Yes,Yes,Yes,3,,2,2025-01-10,,City Garage,Hyderabad,TS
CL01019,P0074,2025-01-01,2024-12-20,Fire,Online,310021,279018,Pending,Low,Yes,Yes,No,26,,46,2025-01-10,,Apollo,Hyderabad,TS
CL01020,P0083,2025-01-01,2024-12-20,Accident,Online,499197,449277,Rejected,Low,Yes,Yes,Yes,59,,37,2025-01-10,,Apollo,Hyderabad,TS
CL01021,P0636,2025-01-01,2024-12-20,Medical,Online,362977,326679,Rejected,High,Yes,Yes,No,91,,16,2025-01-10,,City Garage,Hyderabad,TS
CL01022,P0383,2025-01-01,2024-12-20,Fire,Online,259155,233239,Approved,Medium,Yes,Yes,No,100,259155,35,2025-01-10,,Apollo,Hyderabad,TS
CL01023,P0878,2025-01-01,2024-12-20,Theft,Online,451591,406431,Pending,Medium,Yes,Yes,Yes,75,,25,2025-01-10,,City Garage,Hyderabad,TS
CL01024,P0744,2025-01-01,2024-12-20,Accident,Online,227632,204868,Approved,Medium,Yes,Yes,Yes,27,227632,49,2025-01-10,,City Garage,Hyderabad,TS
CL01025,P0402,2025-01-01,2024-12-20,Accident,Online,353889,318500,Approved,Medium,Yes,Yes,Yes,35,353889,35,2025-01-10,,Apollo,Hyderabad,TS
CL01026,P0402,2025-01-01,2024-12-20,Fire,Online,16614,14952,Rejected,Low,Yes,Yes,Yes,81,,4,2025-01-10,,City Garage,Hyderabad,TS
CL01027,P0370,2025-01-01,2024-12-20,Accident,Online,288997,260097, approved ,Medium,Yes,Yes,Yes,67,,5,2025-01-10,,Apollo,Hyderabad,TS
CL01028,P0555,2025-01-01,2024-12-20,Theft,Online,162211,145989,Approved,High,Yes,Yes,No,8,162211,7,2025-01-10,,City Garage,Hyderabad,TS
CL01029,P1000,2025-01-01,2024-12-20,Accident,Online,323579,291221,Pending,Low,Yes,Yes,No,8,,19,2025-01-10,,City Garage,Hyderabad,TS
CL01030,P0565,2025-01-01,2024-12-20,Fire,Online,466303,419672,Rejected,Low,Yes,Yes,No,16,,51,2025-01-10,,City Garage,Hyderabad,TS
CL01031,P0653,2025-01-01,2024-12-20,Accident,Online,74897,67407,Approved,Medium,Yes,Yes,Yes,23,74897,13,2025-01-10,,Apollo,Hyderabad,TS
CL01032,P0957,2025-01-01,2024-12-20,Medical,Online,339197,305277, approved ,High,Yes,Yes,Yes,26,,45,2025-01-10,,City Garage,Hyderabad,TS
CL01033,P0320,2025-01-01,2024-12-20,Medical,Online,385429,346886, approved ,High,Yes,Yes,Yes,30,,54,2025-01-10,,City Garage,Hyderabad,TS
CL01034,P0877,2025-01-01,2024-12-20,Medical,Online,90324,81291,Pending,High,Yes,Yes,No,33,,35,2025-01-10,,Apollo,Hyderabad,TS
CL01035,P0290,2025-01-01,2024-12-20,Theft,Online,51490,46341, approved ,High,Yes,Yes,Yes,10,,30,2025-01-10,,City Garage,Hyderabad,TS
CL01036,P0079,2025-01-01,2024-12-20,Fire,Online,394512,355060,Pending,High,Yes,Yes,Yes,94,,14,2025-01-10,,City Garage,Hyderabad,TS
CL01037,P0074,2025-01-01,2024-12-20,Fire,Online,233509,210158,Rejected,Medium,Yes,Yes,No,99,,17,2025-01-10,,City Garage,Hyderabad,TS
CL01038,P0486,2025-01-01,2024-12-20,Fire,Online,380989,342890,Rejected,High,Yes,Yes,No,24,,24,2025-01-10,,City Garage,Hyderabad,TS
CL01039,P0414,2025-01-01,2024-12-20,Theft,Online,357585,321826, approved ,Low,Yes,Yes,No,77,,60,2025-01-10,,City Garage,Hyderabad,TS
CL01040,P0325,2025-01-01,2024-12-20,Theft,Online,13258,11932,Pending,High,Yes,Yes,No,96,,24,2025-01-10,,City Garage,Hyderabad,TS
CL01041,P0391,2025-01-01,2024-12-20,Medical,Online,495884,446295,Approved,High,Yes,Yes,No,37,495884,39,2025-01-10,,City Garage,Hyderabad,TS
CL01042,P0040,2025-01-01,2024-12-20,Accident,Online,293316,263984,Rejected,Low,Yes,Yes,Yes,1,,8,2025-01-10,,Apollo,Hyderabad,TS
CL01043,P0385,2025-01-01,2024-12-20,Medical,Online,259811,233829,Rejected,Low,Yes,Yes,No,17,,18,2025-01-10,,City Garage,Hyderabad,TS
CL01044,P0279,2025-01-01,2024-12-20,Fire,Online,166331,149697,Rejected,Low,Yes,Yes,No,31,,5,2025-01-10,,Apollo,Hyderabad,TS
CL01045,P0446,2025-01-01,2024-12-20,Accident,Online,469198,422278,Rejected,Low,Yes,Yes,No,36,,54,2025-01-10,,Apollo,Hyderabad,TS
CL01046,P0824,2025-01-01,2024-12-20,Accident,Online,155196,139676,Approved,Medium,Yes,Yes,Yes,18,155196,49,2025-01-10,,City Garage,Hyderabad,TS
CL01047,P0618,2025-01-01,2024-12-20,Medical,Online,213228,191905,Approved,Low,Yes,Yes,Yes,96,213228,32,2025-01-10,,Apollo,Hyderabad,TS
CL01048,P0714,2025-01-01,2024-12-20,Theft,Online,19622,17659, approved ,High,Yes,Yes,Yes,3,,37,2025-01-10,,City Garage,Hyderabad,TS
CL01049,P0219,2025-01-01,2024-12-20,Accident,Online,361449,325304,Approved,High,Yes,Yes,No,82,361449,55,2025-01-10,,City Garage,Hyderabad,TS
CL01050,P0374,2025-01-01,2024-12-20,Theft,Online,16861,15174,Pending,Low,Yes,Yes,Yes,78,,11,2025-01-10,,Apollo,Hyderabad,TS
CL01051,P0397,2025-01-01,2024-12-20,Accident,Online,299188,269269,Pending,Medium,Yes,Yes,No,69,,30,2025-01-10,,City Garage,Hyderabad,TS
CL01052,P0275,2025-01-01,2024-12-20,Medical,Online,330274,297246,Rejected,Medium,Yes,Yes,Yes,18,,12,2025-01-10,,City Garage,Hyderabad,TS
CL01053,P0003,2025-01-01,2024-12-20,Accident,Online,294535,265081, approved ,High,Yes,Yes,No,88,,22,2025-01-10,,City Garage,Hyderabad,TS
CL01054,P0664,2025-01-01,2024-12-20,Medical,Online,338636,304772, approved ,Low,Yes,Yes,No,73,,52,2025-01-10,,Apollo,Hyderabad,TS
CL01055,P0597,2025-01-01,2024-12-20,Accident,Online,461316,415184,Pending,High,Yes,Yes,Yes,84,,30,2025-01-10,,City Garage,Hyderabad,TS
CL01056,P0227,2025-01-01,2024-12-20,Theft,Online,310850,279765,Approved,Low,Yes,Yes,No,8,310850,1,2025-01-10,,City Garage,Hyderabad,TS
CL01057,P0143,2025-01-01,2024-12-20,Medical,Online,421762,379585, approved ,High,Yes,Yes,Yes,15,,17,2025-01-10,,City Garage,Hyderabad,TS
CL01058,P0410,2025-01-01,2024-12-20,Accident,Online,138589,124730,Pending,Low,Yes,Yes,Yes,54,,39,2025-01-10,,Apollo,Hyderabad,TS
CL01059,P0093,2025-01-01,2024-12-20,Fire,Online,7639,6875, approved ,Low,Yes,Yes,Yes,89,,3,2025-01-10,,City Garage,Hyderabad,TS
CL01060,P0071,2025-01-01,2024-12-20,Fire,Online,202757,182481,Pending,High,Yes,Yes,No,99,,4,2025-01-10,,Apollo,Hyderabad,TS
CL01061,P0865,2025-01-01,2024-12-20,Fire,Online,33180,29862,Pending,Medium,Yes,Yes,Yes,0,,8,2025-01-10,,City Garage,Hyderabad,TS
CL01062,P0302,2025-01-01,2024-12-20,Accident,Online,400839,360755,Rejected,Medium,Yes,Yes,Yes,26,,33,2025-01-10,,Apollo,Hyderabad,TS
CL01063,P0954,2025-01-01,2024-12-20,Theft,Online,314033,282629,Approved,High,Yes,Yes,Yes,55,314033,51,2025-01-10,,Apollo,Hyderabad,TS
CL01064,P0926,2025-01-01,2024-12-20,Theft,Online,260615,234553, approved ,High,Yes,Yes,No,28,,54,2025-01-10,,Apollo,Hyderabad,TS
CL01065,P0953,2025-01-01,2024-12-20,Fire,Online,277737,249963,Rejected,High,Yes,Yes,No,24,,44,2025-01-10,,Apollo,Hyderabad,TS
CL01066,P0320,2025-01-01,2024-12-20,Medical,Online,104543,94088, approved ,Low,Yes,Yes,No,89,,25,2025-01-10,,City Garage,Hyderabad,TS
CL01067,P0674,2025-01-01,2024-12-20,Fire,Online,104700,94230,Pending,Low,Yes,Yes,Yes,67,,45,2025-01-10,,Apollo,Hyderabad,TS
CL01068,P0304,2025-01-01,2024-12-20,Accident,Online,318666,286799, approved ,Medium,Yes,Yes,No,99,,42,2025-01-10,,Apollo,Hyderabad,TS
CL01069,P0506,2025-01-01,2024-12-20,Fire,Online,176277,158649,Pending,High,Yes,Yes,Yes,51,,2,2025-01-10,,Apollo,Hyderabad,TS
CL01070,P0022,2025-01-01,2024-12-20,Fire,Online,359763,323786,Approved,Medium,Yes,Yes,Yes,55,359763,42,2025-01-10,,City Garage,Hyderabad,TS
CL01071,P0424,2025-01-01,2024-12-20,Medical,Online,96609,86948,Rejected,Low,Yes,Yes,No,7,,16,2025-01-10,,Apollo,Hyderabad,TS
CL01072,P0905,2025-01-01,2024-12-20,Theft,Online,278096,250286,Pending,Medium,Yes,Yes,Yes,43,,23,2025-01-10,,Apollo,Hyderabad,TS
CL01073,P0113,2025-01-01,2024-12-20,Fire,Online,36408,32767,Pending,High,Yes,Yes,Yes,7,,38,2025-01-10,,City Garage,Hyderabad,TS
CL01074,P0977,2025-01-01,2024-12-20,Fire,Online,154548,139093, approved ,Medium,Yes,Yes,Yes,46,,55,2025-01-10,,Apollo,Hyderabad,TS
CL01075,P0839,2025-01-01,2024-12-20,Fire,Online,127549,114794, approved ,High,Yes,Yes,No,64,,45,2025-01-10,,Apollo,Hyderabad,TS
CL01076,P0515,2025-01-01,2024-12-20,Accident,Online,276098,248488,Rejected,Medium,Yes,Yes,Yes,63,,36,2025-01-10,,Apollo,Hyderabad,TS
CL01077,P0185,2025-01-01,2024-12-20,Fire,Online,432282,389053,Approved,Low,Yes,Yes,No,21,432282,27,2025-01-10,,City Garage,Hyderabad,TS
CL01078,P0670,2025-01-01,2024-12-20,Medical,Online,221835,199651,Rejected,Medium,Yes,Yes,No,87,,30,2025-01-10,,City Garage,Hyderabad,TS
CL01079,P0820,2025-01-01,2024-12-20,Fire,Online,342217,307995,Rejected,Low,Yes,Yes,Yes,51,,19,2025-01-10,,Apollo,Hyderabad,TS
CL01080,P0374,2025-01-01,2024-12-20,Theft,Online,360991,324891, approved ,Medium,Yes,Yes,No,65,,22,2025-01-10,,City Garage,Hyderabad,TS
CL01081,P0391,2025-01-01,2024-12-20,Medical,Online,14018,12616,Rejected,High,Yes,Yes,No,43,,50,2025-01-10,,City Garage,Hyderabad,TS
CL01082,P0367,2025-01-01,2024-12-20,Fire,Online,336156,302540,Approved,Medium,Yes,Yes,No,61,336156,44,2025-01-10,,City Garage,Hyderabad,TS
CL01083,P0186,2025-01-01,2024-12-20,Medical,Online,283337,255003,Pending,Medium,Yes,Yes,Yes,74,,5,2025-01-10,,Apollo,Hyderabad,TS
CL01084,P0270,2025-01-01,2024-12-20,Fire,Online,75765,68188,Rejected,High,Yes,Yes,Yes,13,,58,2025-01-10,,City Garage,Hyderabad,TS
CL01085,P0628,2025-01-01,2024-12-20,Fire,Online,130389,117350,Approved,Medium,Yes,Yes,Yes,76,130389,3,2025-01-10,,City Garage,Hyderabad,TS
CL01086,P0011,2025-01-01,2024-12-20,Medical,Online,175828,158245,Pending,Medium,Yes,Yes,Yes,11,,40,2025-01-10,,Apollo,Hyderabad,TS
CL01087,P0054,2025-01-01,2024-12-20,Fire,Online,342082,307873,Approved,Medium,Yes,Yes,No,58,342082,38,2025-01-10,,City Garage,Hyderabad,TS
CL01088,P0884,2025-01-01,2024-12-20,Medical,Online,224596,202136, approved ,Medium,Yes,Yes,No,50,,24,2025-01-10,,City Garage,Hyderabad,TS
CL01089,P0985,2025-01-01,2024-12-20,Medical,Online,431279,388151,Rejected,High,Yes,Yes,No,43,,31,2025-01-10,,City Garage,Hyderabad,TS
CL01090,P0255,2025-01-01,2024-12-20,Fire,Online,404997,364497,Pending,Medium,Yes,Yes,Yes,4,,42,2025-01-10,,City Garage,Hyderabad,TS
CL01091,P0253,2025-01-01,2024-12-20,Theft,Online,385174,346656, approved ,High,Yes,Yes,No,57,,21,2025-01-10,,Apollo,Hyderabad,TS
CL01092,P0813,2025-01-01,2024-12-20,Theft,Online,410845,369760,Pending,High,Yes,Yes,Yes,81,,24,2025-01-10,,Apollo,Hyderabad,TS
CL01093,P0289,2025-01-01,2024-12-20,Medical,Online,497881,448092,Approved,Medium,Yes,Yes,No,65,497881,16,2025-01-10,,Apollo,Hyderabad,TS
CL01094,P0794,2025-01-01,2024-12-20,Theft,Online,499257,449331,Approved,Medium,Yes,Yes,No,87,499257,58,2025-01-10,,City Garage,Hyderabad,TS
CL01095,P0152,2025-01-01,2024-12-20,Medical,Online,5554,4998,Approved,Low,Yes,Yes,Yes,94,5554,44,2025-01-10,,Apollo,Hyderabad,TS
CL01096,P0166,2025-01-01,2024-12-20,Theft,Online,36662,32995, approved ,High,Yes,Yes,Yes,26,,11,2025-01-10,,Apollo,Hyderabad,TS
CL01097,P0191,2025-01-01,2024-12-20,Fire,Online,153815,138433, approved ,Medium,Yes,Yes,No,83,,13,2025-01-10,,Apollo,Hyderabad,TS
CL01098,P0430,2025-01-01,2024-12-20,Theft,Online,375794,338214,Pending,Medium,Yes,Yes,Yes,22,,1,2025-01-10,,Apollo,Hyderabad,TS
CL01099,P0594,2025-01-01,2024-12-20,Theft,Online,52028,46825,Rejected,High,Yes,Yes,Yes,3,,46,2025-01-10,,City Garage,Hyderabad,TS
CL01100,P0420,2025-01-01,2024-12-20,Theft,Online,302751,272475,Rejected,High,Yes,Yes,No,38,,37,2025-01-10,,Apollo,Hyderabad,TS
CL01101,P0824,2025-01-01,2024-12-20,Accident,Online,92498,83248,Rejected,Medium,Yes,Yes,Yes,83,,52,2025-01-10,,Apollo,Hyderabad,TS
CL01102,P0580,2025-01-01,2024-12-20,Accident,Online,128779,115901,Pending,Medium,Yes,Yes,Yes,1,,13,2025-01-10,,Apollo,Hyderabad,TS
CL01103,P0652,2025-01-01,2024-12-20,Theft,Online,316454,284808,Rejected,Low,Yes,Yes,No,15,,24,2025-01-10,,Apollo,Hyderabad,TS
CL01104,P0847,2025-01-01,2024-12-20,Accident,Online,318180,286362,Approved,High,Yes,Yes,Yes,12,318180,58,2025-01-10,,Apollo,Hyderabad,TS
CL01105,P0599,2025-01-01,2024-12-20,Accident,Online,271940,244746,Rejected,Low,Yes,Yes,Yes,16,,20,2025-01-10,,Apollo,Hyderabad,TS
CL01106,P0072,2025-01-01,2024-12-20,Theft,Online,384445,346000,Rejected,High,Yes,Yes,No,72,,37,2025-01-10,,City Garage,Hyderabad,TS
CL01107,P0801,2025-01-01,2024-12-20,Accident,Online,379726,341753,Rejected,Medium,Yes,Yes,Yes,89,,18,2025-01-10,,Apollo,Hyderabad,TS
CL01108,P0964,2025-01-01,2024-12-20,Accident,Online,279450,251505,Pending,Medium,Yes,Yes,No,84,,41,2025-01-10,,City Garage,Hyderabad,TS
CL01109,P0537,2025-01-01,2024-12-20,Accident,Online,337349,303614,Approved,High,Yes,Yes,No,91,337349,44,2025-01-10,,Apollo,Hyderabad,TS
CL01110,P0957,2025-01-01,2024-12-20,Medical,Online,172757,155481,Pending,Medium,Yes,Yes,Yes,25,,33,2025-01-10,,City Garage,Hyderabad,TS
CL01111,P0308,2025-01-01,2024-12-20,Medical,Online,217111,195399,Approved,Medium,Yes,Yes,Yes,91,217111,32,2025-01-10,,Apollo,Hyderabad,TS
CL01112,P0511,2025-01-01,2024-12-20,Fire,Online,224079,201671, approved ,High,Yes,Yes,No,37,,41,2025-01-10,,City Garage,Hyderabad,TS
CL01113,P0138,2025-01-01,2024-12-20,Theft,Online,477405,429664,Pending,Medium,Yes,Yes,No,90,,27,2025-01-10,,City Garage,Hyderabad,TS
CL01114,P0181,2025-01-01,2024-12-20,Fire,Online,456093,410483,Pending,Low,Yes,Yes,Yes,54,,8,2025-01-10,,City Garage,Hyderabad,TS
CL01115,P0950,2025-01-01,2024-12-20,Theft,Online,332966,299669, approved ,Low,Yes,Yes,No,40,,2,2025-01-10,,City Garage,Hyderabad,TS
CL01116,P0012,2025-01-01,2024-12-20,Fire,Online,418963,377066, approved ,Medium,Yes,Yes,No,45,,41,2025-01-10,,Apollo,Hyderabad,TS
CL01117,P0981,2025-01-01,2024-12-20,Theft,Online,176286,158657,Approved,High,Yes,Yes,No,71,176286,40,2025-01-10,,Apollo,Hyderabad,TS
CL01118,P0609,2025-01-01,2024-12-20,Theft,Online,25758,23182,Pending,Low,Yes,Yes,Yes,69,,36,2025-01-10,,City Garage,Hyderabad,TS
CL01119,P0544,2025-01-01,2024-12-20,Fire,Online,150835,135751,Approved,Medium,Yes,Yes,No,27,150835,42,2025-01-10,,Apollo,Hyderabad,TS
CL01120,P0897,2025-01-01,2024-12-20,Theft,Online,12718,11446,Rejected,High,Yes,Yes,Yes,67,,7,2025-01-10,,City Garage,Hyderabad,TS
CL01121,P0051,2025-01-01,2024-12-20,Theft,Online,413902,372511,Rejected,Medium,Yes,Yes,Yes,7,,26,2025-01-10,,City Garage,Hyderabad,TS
CL01122,P0557,2025-01-01,2024-12-20,Accident,Online,55259,49733,Pending,High,Yes,Yes,No,93,,14,2025-01-10,,City Garage,Hyderabad,TS
CL01123,P0121,2025-01-01,2024-12-20,Fire,Online,37807,34026,Approved,Low,Yes,Yes,Yes,66,37807,34,2025-01-10,,City Garage,Hyderabad,TS
CL01124,P0524,2025-01-01,2024-12-20,Medical,Online,355550,319995,Rejected,Medium,Yes,Yes,No,8,,12,2025-01-10,,City Garage,Hyderabad,TS
CL01125,P0386,2025-01-01,2024-12-20,Fire,Online,307387,276648,Approved,Low,Yes,Yes,Yes,12,307387,11,2025-01-10,,Apollo,Hyderabad,TS
CL01126,P0407,2025-01-01,2024-12-20,Medical,Online,89241,80316, approved ,Low,Yes,Yes,Yes,70,,23,2025-01-10,,Apollo,Hyderabad,TS
CL01127,P0739,2025-01-01,2024-12-20,Theft,Online,209359,188423,Pending,Low,Yes,Yes,No,45,,6,2025-01-10,,City Garage,Hyderabad,TS
CL01128,P0910,2025-01-01,2024-12-20,Fire,Online,67074,60366,Rejected,Low,Yes,Yes,Yes,93,,21,2025-01-10,,City Garage,Hyderabad,TS
CL01129,P0605,2025-01-01,2024-12-20,Medical,Online,213387,192048,Rejected,High,Yes,Yes,Yes,17,,13,2025-01-10,,City Garage,Hyderabad,TS
CL01130,P0663,2025-01-01,2024-12-20,Accident,Online,119542,107587, approved ,Medium,Yes,Yes,Yes,12,,27,2025-01-10,,Apollo,Hyderabad,TS
CL01131,P0544,2025-01-01,2024-12-20,Fire,Online,152839,137555,Pending,Low,Yes,Yes,No,37,,56,2025-01-10,,City Garage,Hyderabad,TS
CL01132,P0157,2025-01-01,2024-12-20,Accident,Online,494457,445011,Rejected,Medium,Yes,Yes,No,39,,27,2025-01-10,,City Garage,Hyderabad,TS
CL01133,P0164,2025-01-01,2024-12-20,Theft,Online,46994,42294, approved ,Medium,Yes,Yes,Yes,7,,39,2025-01-10,,Apollo,Hyderabad,TS
CL01134,P0175,2025-01-01,2024-12-20,Fire,Online,107609,96848, approved ,High,Yes,Yes,No,87,,15,2025-01-10,,City Garage,Hyderabad,TS
CL01135,P0990,2025-01-01,2024-12-20,Fire,Online,220947,198852,Approved,Medium,Yes,Yes,Yes,21,220947,39,2025-01-10,,Apollo,Hyderabad,TS
CL01136,P0432,2025-01-01,2024-12-20,Fire,Online,316339,284705, approved ,Medium,Yes,Yes,No,76,,23,2025-01-10,,City Garage,Hyderabad,TS
CL01137,P0384,2025-01-01,2024-12-20,Theft,Online,441549,397394,Pending,High,Yes,Yes,No,12,,26,2025-01-10,,City Garage,Hyderabad,TS
CL01138,P0167,2025-01-01,2024-12-20,Fire,Online,149354,134418,Pending,Low,Yes,Yes,No,77,,44,2025-01-10,,Apollo,Hyderabad,TS
CL01139,P0523,2025-01-01,2024-12-20,Theft,Online,349470,314523,Pending,Low,Yes,Yes,Yes,38,,58,2025-01-10,,Apollo,Hyderabad,TS
CL01140,P0206,2025-01-01,2024-12-20,Medical,Online,200382,180343,Pending,High,Yes,Yes,Yes,29,,48,2025-01-10,,Apollo,Hyderabad,TS
CL01141,P0590,2025-01-01,2024-12-20,Fire,Online,493447,444102,Approved,High,Yes,Yes,Yes,23,493447,46,2025-01-10,,City Garage,Hyderabad,TS
CL01142,P0844,2025-01-01,2024-12-20,Theft,Online,325258,292732, approved ,High,Yes,Yes,No,88,,31,2025-01-10,,Apollo,Hyderabad,TS
CL01143,P0953,2025-01-01,2024-12-20,Theft,Online,112374,101136,Approved,High,Yes,Yes,Yes,8,112374,45,2025-01-10,,Apollo,Hyderabad,TS
CL01144,P0274,2025-01-01,2024-12-20,Fire,Online,280519,252467,Rejected,Medium,Yes,Yes,Yes,78,,56,2025-01-10,,Apollo,Hyderabad,TS
CL01145,P0260,2025-01-01,2024-12-20,Medical,Online,294471,265023, approved ,Medium,Yes,Yes,No,82,,36,2025-01-10,,City Garage,Hyderabad,TS
CL01146,P0999,2025-01-01,2024-12-20,Fire,Online,331590,298431, approved ,Medium,Yes,Yes,Yes,7,,14,2025-01-10,,City Garage,Hyderabad,TS
CL01147,P0639,2025-01-01,2024-12-20,Accident,Online,412739,371465,Approved,Medium,Yes,Yes,Yes,1,412739,56,2025-01-10,,Apollo,Hyderabad,TS
CL01148,P0342,2025-01-01,2024-12-20,Medical,Online,191252,172126, approved ,Medium,Yes,Yes,No,41,,52,2025-01-10,,City Garage,Hyderabad,TS
CL01149,P0968,2025-01-01,2024-12-20,Theft,Online,267035,240331,Pending,High,Yes,Yes,Yes,96,,59,2025-01-10,,Apollo,Hyderabad,TS
CL01150,P0802,2025-01-01,2024-12-20,Theft,Online,225871,203283, approved ,Medium,Yes,Yes,No,90,,48,2025-01-10,,City Garage,Hyderabad,TS
CL01151,P0873,2025-01-01,2024-12-20,Medical,Online,74929,67436,Rejected,High,Yes,Yes,No,10,,11,2025-01-10,,City Garage,Hyderabad,TS
CL01152,P0598,2025-01-01,2024-12-20,Accident,Online,79302,71371,Pending,Medium,Yes,Yes,Yes,60,,57,2025-01-10,,Apollo,Hyderabad,TS
CL01153,P0045,2025-01-01,2024-12-20,Medical,Online,7932,7138,Rejected,Low,Yes,Yes,Yes,28,,49,2025-01-10,,City Garage,Hyderabad,TS
CL01154,P0039,2025-01-01,2024-12-20,Medical,Online,329816,296834,Pending,High,Yes,Yes,No,10,,4,2025-01-10,,City Garage,Hyderabad,TS
CL01155,P0959,2025-01-01,2024-12-20,Accident,Online,374053,336647, approved ,High,Yes,Yes,Yes,67,,30,2025-01-10,,City Garage,Hyderabad,TS
CL01156,P0545,2025-01-01,2024-12-20,Accident,Online,106671,96003,Approved,Medium,Yes,Yes,Yes,13,106671,38,2025-01-10,,Apollo,Hyderabad,TS
CL01157,P0850,2025-01-01,2024-12-20,Theft,Online,265397,238857,Pending,Medium,Yes,Yes,Yes,72,,52,2025-01-10,,Apollo,Hyderabad,TS
CL01158,P0185,2025-01-01,2024-12-20,Theft,Online,273370,246033,Pending,High,Yes,Yes,Yes,72,,4,2025-01-10,,Apollo,Hyderabad,TS
CL01159,P0036,2025-01-01,2024-12-20,Medical,Online,315497,283947,Pending,High,Yes,Yes,Yes,75,,52,2025-01-10,,Apollo,Hyderabad,TS
CL01160,P0741,2025-01-01,2024-12-20,Accident,Online,93036,83732, approved ,Low,Yes,Yes,Yes,66,,30,2025-01-10,,Apollo,Hyderabad,TS
CL01161,P0055,2025-01-01,2024-12-20,Medical,Online,205062,184555,Pending,Medium,Yes,Yes,No,47,,37,2025-01-10,,City Garage,Hyderabad,TS
CL01162,P0118,2025-01-01,2024-12-20,Fire,Online,24232,21808,Rejected,Medium,Yes,Yes,Yes,46,,27,2025-01-10,,Apollo,Hyderabad,TS
CL01163,P0928,2025-01-01,2024-12-20,Accident,Online,202542,182287, approved ,High,Yes,Yes,No,35,,24,2025-01-10,,City Garage,Hyderabad,TS
CL01164,P0105,2025-01-01,2024-12-20,Fire,Online,415588,374029,Pending,Low,Yes,Yes,Yes,75,,36,2025-01-10,,Apollo,Hyderabad,TS
CL01165,P0003,2025-01-01,2024-12-20,Theft,Online,441679,397511, approved ,Low,Yes,Yes,Yes,98,,40,2025-01-10,,Apollo,Hyderabad,TS
CL01166,P0820,2025-01-01,2024-12-20,Theft,Online,270214,243192,Rejected,Low,Yes,Yes,No,34,,24,2025-01-10,,Apollo,Hyderabad,TS
CL01167,P0019,2025-01-01,2024-12-20,Accident,Online,479454,431508,Pending,Low,Yes,Yes,No,60,,23,2025-01-10,,Apollo,Hyderabad,TS
CL01168,P0388,2025-01-01,2024-12-20,Fire,Online,18467,16620,Approved,Low,Yes,Yes,No,92,18467,27,2025-01-10,,Apollo,Hyderabad,TS
CL01169,P0562,2025-01-01,2024-12-20,Theft,Online,251079,225971, approved ,Medium,Yes,Yes,Yes,63,,41,2025-01-10,,Apollo,Hyderabad,TS
CL01170,P0808,2025-01-01,2024-12-20,Fire,Online,180611,162549,Pending,Low,Yes,Yes,Yes,27,,6,2025-01-10,,Apollo,Hyderabad,TS
CL01171,P0025,2025-01-01,2024-12-20,Accident,Online,398526,358673,Approved,Medium,Yes,Yes,No,49,398526,24,2025-01-10,,Apollo,Hyderabad,TS
CL01172,P0912,2025-01-01,2024-12-20,Theft,Online,133665,120298,Rejected,Medium,Yes,Yes,Yes,71,,3,2025-01-10,,Apollo,Hyderabad,TS
CL01173,P0170,2025-01-01,2024-12-20,Theft,Online,242174,217956,Approved,Medium,Yes,Yes,No,64,242174,34,2025-01-10,,City Garage,Hyderabad,TS
CL01174,P0123,2025-01-01,2024-12-20,Theft,Online,216612,194950, approved ,Low,Yes,Yes,Yes,14,,18,2025-01-10,,Apollo,Hyderabad,TS
CL01175,P0879,2025-01-01,2024-12-20,Medical,Online,90326,81293,Pending,Medium,Yes,Yes,No,33,,10,2025-01-10,,Apollo,Hyderabad,TS
CL01176,P0385,2025-01-01,2024-12-20,Theft,Online,411023,369920, approved ,Low,Yes,Yes,Yes,96,,32,2025-01-10,,City Garage,Hyderabad,TS
CL01177,P0513,2025-01-01,2024-12-20,Theft,Online,193226,173903,Rejected,High,Yes,Yes,Yes,94,,8,2025-01-10,,City Garage,Hyderabad,TS
CL01178,P0620,2025-01-01,2024-12-20,Medical,Online,275227,247704,Approved,High,Yes,Yes,No,47,275227,2,2025-01-10,,Apollo,Hyderabad,TS
CL01179,P0938,2025-01-01,2024-12-20,Medical,Online,327855,295069, approved ,Medium,Yes,Yes,Yes,25,,12,2025-01-10,,City Garage,Hyderabad,TS
CL01180,P0347,2025-01-01,2024-12-20,Medical,Online,93532,84178,Rejected,Low,Yes,Yes,No,92,,39,2025-01-10,,City Garage,Hyderabad,TS
CL01181,P0363,2025-01-01,2024-12-20,Fire,Online,349884,314895,Approved,High,Yes,Yes,Yes,99,349884,49,2025-01-10,,City Garage,Hyderabad,TS
CL01182,P0117,2025-01-01,2024-12-20,Theft,Online,446645,401980,Rejected,Low,Yes,Yes,Yes,17,,25,2025-01-10,,City Garage,Hyderabad,TS
CL01183,P0934,2025-01-01,2024-12-20,Accident,Online,406195,365575, approved ,Low,Yes,Yes,No,65,,49,2025-01-10,,City Garage,Hyderabad,TS
CL01184,P0456,2025-01-01,2024-12-20,Theft,Online,344276,309848,Rejected,High,Yes,Yes,Yes,3,,46,2025-01-10,,Apollo,Hyderabad,TS
CL01185,P0640,2025-01-01,2024-12-20,Accident,Online,272492,245242,Rejected,High,Yes,Yes,No,91,,48,2025-01-10,,City Garage,Hyderabad,TS
CL01186,P0087,2025-01-01,2024-12-20,Medical,Online,70464,63417, approved ,High,Yes,Yes,No,54,,53,2025-01-10,,City Garage,Hyderabad,TS
CL01187,P0804,2025-01-01,2024-12-20,Fire,Online,202573,182315, approved ,High,Yes,Yes,Yes,85,,60,2025-01-10,,City Garage,Hyderabad,TS
CL01188,P0267,2025-01-01,2024-12-20,Theft,Online,351409,316268, approved ,High,Yes,Yes,Yes,47,,36,2025-01-10,,Apollo,Hyderabad,TS
CL01189,P0183,2025-01-01,2024-12-20,Accident,Online,302917,272625,Pending,Medium,Yes,Yes,Yes,5,,56,2025-01-10,,City Garage,Hyderabad,TS
CL01190,P0516,2025-01-01,2024-12-20,Accident,Online,194888,175399, approved ,Medium,Yes,Yes,No,39,,32,2025-01-10,,City Garage,Hyderabad,TS
CL01191,P0870,2025-01-01,2024-12-20,Fire,Online,382532,344278,Rejected,Medium,Yes,Yes,Yes,92,,6,2025-01-10,,City Garage,Hyderabad,TS
CL01192,P0675,2025-01-01,2024-12-20,Accident,Online,481860,433674,Pending,Medium,Yes,Yes,Yes,68,,7,2025-01-10,,City Garage,Hyderabad,TS
CL01193,P0434,2025-01-01,2024-12-20,Accident,Online,408566,367709,Rejected,Low,Yes,Yes,No,87,,25,2025-01-10,,City Garage,Hyderabad,TS
CL01194,P0269,2025-01-01,2024-12-20,Accident,Online,467327,420594, approved ,Low,Yes,Yes,No,63,,17,2025-01-10,,City Garage,Hyderabad,TS
CL01195,P0656,2025-01-01,2024-12-20,Fire,Online,450176,405158,Approved,High,Yes,Yes,No,68,450176,35,2025-01-10,,Apollo,Hyderabad,TS
CL01196,P0257,2025-01-01,2024-12-20,Medical,Online,170841,153756, approved ,High,Yes,Yes,No,39,,23,2025-01-10,,City Garage,Hyderabad,TS
CL01197,P0151,2025-01-01,2024-12-20,Medical,Online,458371,412533,Rejected,High,Yes,Yes,No,100,,47,2025-01-10,,City Garage,Hyderabad,TS
CL01198,P0103,2025-01-01,2024-12-20,Accident,Online,325484,292935,Approved,Medium,Yes,Yes,Yes,43,325484,1,2025-01-10,,City Garage,Hyderabad,TS
CL01199,P0066,2025-01-01,2024-12-20,Theft,Online,366220,329598,Pending,Medium,Yes,Yes,Yes,28,,43,2025-01-10,,Apollo,Hyderabad,TS
CL01200,P0798,2025-01-01,2024-12-20,Accident,Online,172846,155561,Rejected,Medium,Yes,Yes,Yes,61,,25,2025-01-10,,Apollo,Hyderabad,TS
CL01201,P0720,2025-01-01,2024-12-20,Medical,Online,17771,15993, approved ,High,Yes,Yes,No,54,,50,2025-01-10,,Apollo,Hyderabad,TS
CL01202,P0536,2025-01-01,2024-12-20,Fire,Online,191571,172413,Approved,High,Yes,Yes,Yes,51,191571,53,2025-01-10,,City Garage,Hyderabad,TS
CL01203,P0033,2025-01-01,2024-12-20,Fire,Online,492684,443415,Rejected,Medium,Yes,Yes,Yes,50,,34,2025-01-10,,City Garage,Hyderabad,TS
CL01204,P0076,2025-01-01,2024-12-20,Theft,Online,194698,175228,Rejected,Low,Yes,Yes,No,27,,14,2025-01-10,,City Garage,Hyderabad,TS
CL01205,P0916,2025-01-01,2024-12-20,Medical,Online,451016,405914,Rejected,Low,Yes,Yes,Yes,67,,31,2025-01-10,,City Garage,Hyderabad,TS
CL01206,P0506,2025-01-01,2024-12-20,Theft,Online,253940,228546,Approved,High,Yes,Yes,No,31,253940,47,2025-01-10,,Apollo,Hyderabad,TS
CL01207,P0340,2025-01-01,2024-12-20,Fire,Online,22386,20147,Rejected,High,Yes,Yes,No,29,,21,2025-01-10,,Apollo,Hyderabad,TS
CL01208,P0950,2025-01-01,2024-12-20,Fire,Online,64626,58163,Pending,High,Yes,Yes,Yes,21,,16,2025-01-10,,City Garage,Hyderabad,TS
CL01209,P0074,2025-01-01,2024-12-20,Accident,Online,54999,49499, approved ,Medium,Yes,Yes,Yes,49,,48,2025-01-10,,City Garage,Hyderabad,TS
CL01210,P0188,2025-01-01,2024-12-20,Fire,Online,350906,315815,Approved,Medium,Yes,Yes,Yes,29,350906,21,2025-01-10,,City Garage,Hyderabad,TS
CL01211,P0847,2025-01-01,2024-12-20,Fire,Online,143634,129270,Pending,High,Yes,Yes,No,53,,54,2025-01-10,,City Garage,Hyderabad,TS
CL01212,P0094,2025-01-01,2024-12-20,Medical,Online,103719,93347,Approved,High,Yes,Yes,No,42,103719,17,2025-01-10,,Apollo,Hyderabad,TS
CL01213,P0404,2025-01-01,2024-12-20,Fire,Online,498101,448290,Approved,Medium,Yes,Yes,No,94,498101,34,2025-01-10,,City Garage,Hyderabad,TS
CL01214,P0399,2025-01-01,2024-12-20,Fire,Online,454986,409487,Approved,Low,Yes,Yes,Yes,99,454986,32,2025-01-10,,City Garage,Hyderabad,TS
CL01215,P0677,2025-01-01,2024-12-20,Medical,Online,225844,203259, approved ,Medium,Yes,Yes,No,3,,16,2025-01-10,,City Garage,Hyderabad,TS
CL01216,P0083,2025-01-01,2024-12-20,Theft,Online,321558,289402,Rejected,High,Yes,Yes,No,98,,30,2025-01-10,,Apollo,Hyderabad,TS
CL01217,P0216,2025-01-01,2024-12-20,Theft,Online,384116,345704,Approved,Medium,Yes,Yes,Yes,74,384116,22,2025-01-10,,Apollo,Hyderabad,TS
CL01218,P0088,2025-01-01,2024-12-20,Theft,Online,9540,8586, approved ,Low,Yes,Yes,Yes,37,,34,2025-01-10,,City Garage,Hyderabad,TS
CL01219,P0340,2025-01-01,2024-12-20,Accident,Online,211897,190707,Rejected,Medium,Yes,Yes,No,88,,34,2025-01-10,,Apollo,Hyderabad,TS
CL01220,P0421,2025-01-01,2024-12-20,Theft,Online,53398,48058, approved ,Medium,Yes,Yes,No,55,,58,2025-01-10,,Apollo,Hyderabad,TS
CL01221,P0801,2025-01-01,2024-12-20,Accident,Online,171100,153990, approved ,Low,Yes,Yes,No,68,,55,2025-01-10,,City Garage,Hyderabad,TS
CL01222,P0772,2025-01-01,2024-12-20,Fire,Online,477332,429598, approved ,High,Yes,Yes,Yes,82,,50,2025-01-10,,City Garage,Hyderabad,TS
CL01223,P0167,2025-01-01,2024-12-20,Theft,Online,78441,70596,Rejected,Medium,Yes,Yes,No,80,,45,2025-01-10,,City Garage,Hyderabad,TS
CL01224,P0680,2025-01-01,2024-12-20,Fire,Online,314343,282908,Rejected,Medium,Yes,Yes,No,99,,35,2025-01-10,,Apollo,Hyderabad,TS
CL01225,P0041,2025-01-01,2024-12-20,Fire,Online,385342,346807,Rejected,Medium,Yes,Yes,No,5,,32,2025-01-10,,City Garage,Hyderabad,TS
CL01226,P0224,2025-01-01,2024-12-20,Theft,Online,69398,62458,Rejected,Medium,Yes,Yes,Yes,20,,27,2025-01-10,,Apollo,Hyderabad,TS
CL01227,P0083,2025-01-01,2024-12-20,Fire,Online,40283,36254,Approved,High,Yes,Yes,Yes,66,40283,44,2025-01-10,,Apollo,Hyderabad,TS
CL01228,P0826,2025-01-01,2024-12-20,Fire,Online,47304,42573,Pending,High,Yes,Yes,Yes,55,,43,2025-01-10,,City Garage,Hyderabad,TS
CL01229,P0724,2025-01-01,2024-12-20,Theft,Online,254277,228849,Pending,Low,Yes,Yes,No,55,,24,2025-01-10,,City Garage,Hyderabad,TS
CL01230,P0845,2025-01-01,2024-12-20,Theft,Online,387291,348561,Rejected,Medium,Yes,Yes,No,62,,54,2025-01-10,,Apollo,Hyderabad,TS
CL01231,P0326,2025-01-01,2024-12-20,Theft,Online,480097,432087,Rejected,Low,Yes,Yes,No,53,,20,2025-01-10,,City Garage,Hyderabad,TS
CL01232,P0491,2025-01-01,2024-12-20,Fire,Online,272814,245532,Pending,Medium,Yes,Yes,Yes,70,,16,2025-01-10,,Apollo,Hyderabad,TS
CL01233,P0954,2025-01-01,2024-12-20,Fire,Online,307921,277128, approved ,Medium,Yes,Yes,Yes,47,,43,2025-01-10,,City Garage,Hyderabad,TS
CL01234,P0452,2025-01-01,2024-12-20,Medical,Online,86487,77838, approved ,High,Yes,Yes,No,27,,9,2025-01-10,,City Garage,Hyderabad,TS
CL01235,P0664,2025-01-01,2024-12-20,Theft,Online,224337,201903,Pending,Medium,Yes,Yes,Yes,1,,9,2025-01-10,,Apollo,Hyderabad,TS
CL01236,P0458,2025-01-01,2024-12-20,Theft,Online,455165,409648,Pending,High,Yes,Yes,Yes,78,,46,2025-01-10,,City Garage,Hyderabad,TS
CL01237,P0979,2025-01-01,2024-12-20,Accident,Online,25036,22532, approved ,High,Yes,Yes,No,10,,39,2025-01-10,,City Garage,Hyderabad,TS
CL01238,P0632,2025-01-01,2024-12-20,Accident,Online,364899,328409,Approved,Medium,Yes,Yes,Yes,51,364899,44,2025-01-10,,City Garage,Hyderabad,TS
CL01239,P0291,2025-01-01,2024-12-20,Fire,Online,333880,300492, approved ,High,Yes,Yes,No,66,,21,2025-01-10,,Apollo,Hyderabad,TS
CL01240,P0167,2025-01-01,2024-12-20,Theft,Online,377285,339556,Approved,Low,Yes,Yes,No,1,377285,2,2025-01-10,,Apollo,Hyderabad,TS
CL01241,P0829,2025-01-01,2024-12-20,Medical,Online,52870,47583, approved ,Low,Yes,Yes,No,29,,11,2025-01-10,,Apollo,Hyderabad,TS
CL01242,P0259,2025-01-01,2024-12-20,Accident,Online,53769,48392, approved ,High,Yes,Yes,No,31,,24,2025-01-10,,City Garage,Hyderabad,TS
CL01243,P0642,2025-01-01,2024-12-20,Accident,Online,157357,141621,Approved,Low,Yes,Yes,Yes,27,157357,25,2025-01-10,,Apollo,Hyderabad,TS
CL01244,P0044,2025-01-01,2024-12-20,Fire,Online,368864,331977,Pending,Medium,Yes,Yes,No,23,,33,2025-01-10,,Apollo,Hyderabad,TS
CL01245,P0696,2025-01-01,2024-12-20,Accident,Online,337694,303924,Pending,Low,Yes,Yes,No,50,,57,2025-01-10,,Apollo,Hyderabad,TS
CL01246,P0600,2025-01-01,2024-12-20,Fire,Online,67281,60552,Approved,High,Yes,Yes,Yes,12,67281,8,2025-01-10,,Apollo,Hyderabad,TS
CL01247,P0035,2025-01-01,2024-12-20,Accident,Online,404401,363960, approved ,High,Yes,Yes,Yes,29,,41,2025-01-10,,Apollo,Hyderabad,TS
CL01248,P0673,2025-01-01,2024-12-20,Fire,Online,437958,394162,Pending,Low,Yes,Yes,No,38,,1,2025-01-10,,City Garage,Hyderabad,TS
CL01249,P0329,2025-01-01,2024-12-20,Fire,Online,274427,246984,Rejected,Low,Yes,Yes,No,26,,45,2025-01-10,,City Garage,Hyderabad,TS
CL01250,P0134,2025-01-01,2024-12-20,Fire,Online,267102,240391,Rejected,High,Yes,Yes,No,33,,53,2025-01-10,,City Garage,Hyderabad,TS
CL01251,P0937,2025-01-01,2024-12-20,Medical,Online,225848,203263,Pending,Low,Yes,Yes,No,75,,19,2025-01-10,,Apollo,Hyderabad,TS
CL01252,P0058,2025-01-01,2024-12-20,Fire,Online,166584,149925, approved ,Low,Yes,Yes,Yes,56,,9,2025-01-10,,Apollo,Hyderabad,TS
CL01253,P0508,2025-01-01,2024-12-20,Medical,Online,229010,206109, approved ,High,Yes,Yes,No,68,,42,2025-01-10,,City Garage,Hyderabad,TS
CL01254,P0557,2025-01-01,2024-12-20,Medical,Online,249862,224875,Pending,Medium,Yes,Yes,Yes,93,,59,2025-01-10,,Apollo,Hyderabad,TS
CL01255,P0036,2025-01-01,2024-12-20,Fire,Online,159401,143460,Approved,High,Yes,Yes,Yes,44,159401,3,2025-01-10,,City Garage,Hyderabad,TS
CL01256,P0689,2025-01-01,2024-12-20,Theft,Online,292560,263304,Rejected,High,Yes,Yes,No,8,,28,2025-01-10,,Apollo,Hyderabad,TS
CL01257,P0602,2025-01-01,2024-12-20,Medical,Online,489155,440239, approved ,High,Yes,Yes,No,28,,13,2025-01-10,,Apollo,Hyderabad,TS
CL01258,P0510,2025-01-01,2024-12-20,Theft,Online,169216,152294,Approved,Low,Yes,Yes,Yes,94,169216,46,2025-01-10,,City Garage,Hyderabad,TS
CL01259,P0959,2025-01-01,2024-12-20,Medical,Online,131440,118296,Pending,Medium,Yes,Yes,No,27,,48,2025-01-10,,Apollo,Hyderabad,TS
CL01260,P0368,2025-01-01,2024-12-20,Accident,Online,34742,31267,Approved,Low,Yes,Yes,Yes,2,34742,44,2025-01-10,,Apollo,Hyderabad,TS
CL01261,P0515,2025-01-01,2024-12-20,Fire,Online,12534,11280,Rejected,High,Yes,Yes,No,24,,42,2025-01-10,,Apollo,Hyderabad,TS
CL01262,P0315,2025-01-01,2024-12-20,Fire,Online,391196,352076, approved ,High,Yes,Yes,No,18,,51,2025-01-10,,City Garage,Hyderabad,TS
CL01263,P0878,2025-01-01,2024-12-20,Theft,Online,461175,415057,Rejected,Medium,Yes,Yes,No,99,,38,2025-01-10,,City Garage,Hyderabad,TS
CL01264,P0632,2025-01-01,2024-12-20,Medical,Online,400788,360709,Rejected,Low,Yes,Yes,No,60,,41,2025-01-10,,Apollo,Hyderabad,TS
CL01265,P0302,2025-01-01,2024-12-20,Medical,Online,162298,146068,Approved,Low,Yes,Yes,Yes,96,162298,45,2025-01-10,,City Garage,Hyderabad,TS
CL01266,P0324,2025-01-01,2024-12-20,Accident,Online,155147,139632,Rejected,High,Yes,Yes,No,57,,55,2025-01-10,,City Garage,Hyderabad,TS
CL01267,P0760,2025-01-01,2024-12-20,Theft,Online,152922,137629,Rejected,Medium,Yes,Yes,Yes,1,,18,2025-01-10,,Apollo,Hyderabad,TS
CL01268,P0489,2025-01-01,2024-12-20,Theft,Online,427385,384646, approved ,Medium,Yes,Yes,Yes,50,,36,2025-01-10,,City Garage,Hyderabad,TS
CL01269,P0005,2025-01-01,2024-12-20,Fire,Online,371157,334041, approved ,Low,Yes,Yes,No,87,,46,2025-01-10,,City Garage,Hyderabad,TS
CL01270,P0574,2025-01-01,2024-12-20,Fire,Online,105801,95220,Pending,High,Yes,Yes,No,97,,26,2025-01-10,,Apollo,Hyderabad,TS
CL01271,P0097,2025-01-01,2024-12-20,Theft,Online,396445,356800,Approved,Low,Yes,Yes,Yes,29,396445,2,2025-01-10,,City Garage,Hyderabad,TS
CL01272,P0058,2025-01-01,2024-12-20,Theft,Online,13484,12135,Pending,High,Yes,Yes,No,49,,15,2025-01-10,,City Garage,Hyderabad,TS
CL01273,P0569,2025-01-01,2024-12-20,Medical,Online,202413,182171,Approved,High,Yes,Yes,Yes,47,202413,9,2025-01-10,,City Garage,Hyderabad,TS
CL01274,P0912,2025-01-01,2024-12-20,Fire,Online,466588,419929,Approved,High,Yes,Yes,Yes,56,466588,5,2025-01-10,,City Garage,Hyderabad,TS
CL01275,P0380,2025-01-01,2024-12-20,Accident,Online,266932,240238,Approved,Low,Yes,Yes,Yes,32,266932,13,2025-01-10,,City Garage,Hyderabad,TS
CL01276,P0843,2025-01-01,2024-12-20,Accident,Online,43434,39090, approved ,Medium,Yes,Yes,Yes,34,,47,2025-01-10,,City Garage,Hyderabad,TS
CL01277,P0896,2025-01-01,2024-12-20,Theft,Online,170677,153609,Approved,Medium,Yes,Yes,Yes,81,170677,39,2025-01-10,,Apollo,Hyderabad,TS
CL01278,P0822,2025-01-01,2024-12-20,Accident,Online,9678,8710,Approved,Medium,Yes,Yes,No,35,9678,11,2025-01-10,,City Garage,Hyderabad,TS
CL01279,P0288,2025-01-01,2024-12-20,Accident,Online,274195,246775,Rejected,Low,Yes,Yes,Yes,2,,7,2025-01-10,,City Garage,Hyderabad,TS
CL01280,P0493,2025-01-01,2024-12-20,Theft,Online,211703,190532,Rejected,High,Yes,Yes,Yes,39,,22,2025-01-10,,City Garage,Hyderabad,TS
CL01281,P0849,2025-01-01,2024-12-20,Medical,Online,42228,38005, approved ,Medium,Yes,Yes,No,44,,3,2025-01-10,,City Garage,Hyderabad,TS
CL01282,P0325,2025-01-01,2024-12-20,Theft,Online,170358,153322,Rejected,High,Yes,Yes,Yes,33,,29,2025-01-10,,Apollo,Hyderabad,TS
CL01283,P0623,2025-01-01,2024-12-20,Accident,Online,459572,413614,Pending,Low,Yes,Yes,Yes,2,,24,2025-01-10,,Apollo,Hyderabad,TS
CL01284,P0360,2025-01-01,2024-12-20,Medical,Online,329622,296659,Approved,Low,Yes,Yes,Yes,4,329622,36,2025-01-10,,City Garage,Hyderabad,TS
CL01285,P0255,2025-01-01,2024-12-20,Accident,Online,342458,308212, approved ,Low,Yes,Yes,Yes,57,,54,2025-01-10,,Apollo,Hyderabad,TS
CL01286,P0152,2025-01-01,2024-12-20,Theft,Online,109525,98572,Pending,Medium,Yes,Yes,Yes,62,,38,2025-01-10,,City Garage,Hyderabad,TS
CL01287,P0727,2025-01-01,2024-12-20,Theft,Online,460946,414851,Rejected,Low,Yes,Yes,No,13,,53,2025-01-10,,Apollo,Hyderabad,TS
CL01288,P0575,2025-01-01,2024-12-20,Accident,Online,46491,41841,Pending,Medium,Yes,Yes,No,84,,28,2025-01-10,,City Garage,Hyderabad,TS
CL01289,P0431,2025-01-01,2024-12-20,Medical,Online,399863,359876, approved ,Low,Yes,Yes,Yes,38,,53,2025-01-10,,Apollo,Hyderabad,TS
CL01290,P0553,2025-01-01,2024-12-20,Fire,Online,129740,116766, approved ,Medium,Yes,Yes,Yes,42,,38,2025-01-10,,Apollo,Hyderabad,TS
CL01291,P0015,2025-01-01,2024-12-20,Accident,Online,448828,403945, approved ,Medium,Yes,Yes,Yes,65,,32,2025-01-10,,City Garage,Hyderabad,TS
CL01292,P0627,2025-01-01,2024-12-20,Theft,Online,391991,352791,Rejected,High,Yes,Yes,No,45,,48,2025-01-10,,City Garage,Hyderabad,TS
CL01293,P0019,2025-01-01,2024-12-20,Theft,Online,231148,208033,Rejected,Low,Yes,Yes,Yes,39,,12,2025-01-10,,City Garage,Hyderabad,TS
CL01294,P0066,2025-01-01,2024-12-20,Accident,Online,45066,40559, approved ,High,Yes,Yes,Yes,9,,19,2025-01-10,,City Garage,Hyderabad,TS
CL01295,P0341,2025-01-01,2024-12-20,Fire,Online,33459,30113,Pending,Medium,Yes,Yes,Yes,0,,36,2025-01-10,,Apollo,Hyderabad,TS
CL01296,P0924,2025-01-01,2024-12-20,Medical,Online,176460,158814,Pending,Medium,Yes,Yes,No,96,,5,2025-01-10,,City Garage,Hyderabad,TS
CL01297,P0906,2025-01-01,2024-12-20,Accident,Online,92129,82916,Rejected,High,Yes,Yes,Yes,92,,13,2025-01-10,,Apollo,Hyderabad,TS
CL01298,P0233,2025-01-01,2024-12-20,Fire,Online,135288,121759,Rejected,Medium,Yes,Yes,No,19,,10,2025-01-10,,City Garage,Hyderabad,TS
CL01299,P0058,2025-01-01,2024-12-20,Theft,Online,237644,213879,Pending,Low,Yes,Yes,Yes,3,,39,2025-01-10,,City Garage,Hyderabad,TS
CL01300,P0122,2025-01-01,2024-12-20,Fire,Online,496456,446810, approved ,Low,Yes,Yes,Yes,35,,43,2025-01-10,,City Garage,Hyderabad,TS
CL01301,P0351,2025-01-01,2024-12-20,Fire,Online,321212,289090,Pending,Low,Yes,Yes,Yes,70,,41,2025-01-10,,City Garage,Hyderabad,TS
CL01302,P0980,2025-01-01,2024-12-20,Theft,Online,198242,178417,Approved,Low,Yes,Yes,Yes,76,198242,51,2025-01-10,,Apollo,Hyderabad,TS
CL01303,P0064,2025-01-01,2024-12-20,Fire,Online,252764,227487,Pending,High,Yes,Yes,Yes,27,,43,2025-01-10,,Apollo,Hyderabad,TS
CL01304,P0634,2025-01-01,2024-12-20,Medical,Online,80842,72757, approved ,Low,Yes,Yes,No,51,,53,2025-01-10,,City Garage,Hyderabad,TS
CL01305,P0506,2025-01-01,2024-12-20,Theft,Online,292887,263598,Pending,Low,Yes,Yes,Yes,78,,19,2025-01-10,,Apollo,Hyderabad,TS
CL01306,P0277,2025-01-01,2024-12-20,Accident,Online,393877,354489,Rejected,High,Yes,Yes,Yes,41,,26,2025-01-10,,Apollo,Hyderabad,TS
CL01307,P0288,2025-01-01,2024-12-20,Accident,Online,138875,124987, approved ,Low,Yes,Yes,Yes,60,,20,2025-01-10,,City Garage,Hyderabad,TS
CL01308,P0862,2025-01-01,2024-12-20,Fire,Online,117202,105481,Rejected,High,Yes,Yes,Yes,44,,44,2025-01-10,,City Garage,Hyderabad,TS
CL01309,P0664,2025-01-01,2024-12-20,Theft,Online,361965,325768,Approved,Low,Yes,Yes,Yes,26,361965,15,2025-01-10,,Apollo,Hyderabad,TS
CL01310,P0698,2025-01-01,2024-12-20,Theft,Online,362008,325807, approved ,High,Yes,Yes,No,92,,23,2025-01-10,,Apollo,Hyderabad,TS
CL01311,P0313,2025-01-01,2024-12-20,Medical,Online,263967,237570,Rejected,High,Yes,Yes,No,81,,19,2025-01-10,,City Garage,Hyderabad,TS
CL01312,P0344,2025-01-01,2024-12-20,Accident,Online,98944,89049,Pending,Medium,Yes,Yes,No,75,,34,2025-01-10,,Apollo,Hyderabad,TS
CL01313,P0641,2025-01-01,2024-12-20,Accident,Online,251081,225972,Pending,Low,Yes,Yes,Yes,88,,41,2025-01-10,,City Garage,Hyderabad,TS
CL01314,P0351,2025-01-01,2024-12-20,Accident,Online,76795,69115,Rejected,Medium,Yes,Yes,No,40,,34,2025-01-10,,Apollo,Hyderabad,TS
CL01315,P0710,2025-01-01,2024-12-20,Fire,Online,37425,33682,Approved,Medium,Yes,Yes,Yes,24,37425,6,2025-01-10,,City Garage,Hyderabad,TS
CL01316,P0583,2025-01-01,2024-12-20,Medical,Online,210741,189666,Approved,Low,Yes,Yes,Yes,43,210741,48,2025-01-10,,Apollo,Hyderabad,TS
CL01317,P0923,2025-01-01,2024-12-20,Fire,Online,350857,315771,Rejected,High,Yes,Yes,Yes,50,,30,2025-01-10,,Apollo,Hyderabad,TS
CL01318,P0270,2025-01-01,2024-12-20,Accident,Online,340460,306414, approved ,High,Yes,Yes,No,49,,23,2025-01-10,,Apollo,Hyderabad,TS
CL01319,P0608,2025-01-01,2024-12-20,Accident,Online,265185,238666,Pending,Medium,Yes,Yes,Yes,0,,6,2025-01-10,,City Garage,Hyderabad,TS
CL01320,P0722,2025-01-01,2024-12-20,Fire,Online,229908,206917,Approved,Low,Yes,Yes,No,48,229908,34,2025-01-10,,City Garage,Hyderabad,TS
CL01321,P0732,2025-01-01,2024-12-20,Fire,Online,325169,292652,Rejected,High,Yes,Yes,Yes,71,,39,2025-01-10,,City Garage,Hyderabad,TS
CL01322,P0622,2025-01-01,2024-12-20,Medical,Online,172368,155131, approved ,High,Yes,Yes,No,81,,7,2025-01-10,,Apollo,Hyderabad,TS
CL01323,P0233,2025-01-01,2024-12-20,Medical,Online,169435,152491,Approved,Medium,Yes,Yes,Yes,16,169435,34,2025-01-10,,City Garage,Hyderabad,TS
CL01324,P0349,2025-01-01,2024-12-20,Fire,Online,70717,63645,Rejected,Medium,Yes,Yes,No,60,,39,2025-01-10,,City Garage,Hyderabad,TS
CL01325,P0479,2025-01-01,2024-12-20,Theft,Online,351135,316021,Rejected,High,Yes,Yes,No,62,,36,2025-01-10,,City Garage,Hyderabad,TS
CL01326,P0046,2025-01-01,2024-12-20,Theft,Online,385962,347365,Approved,High,Yes,Yes,No,60,385962,27,2025-01-10,,City Garage,Hyderabad,TS
CL01327,P0990,2025-01-01,2024-12-20,Accident,Online,275333,247799,Rejected,Low,Yes,Yes,No,97,,36,2025-01-10,,Apollo,Hyderabad,TS
CL01328,P0114,2025-01-01,2024-12-20,Fire,Online,8216,7394,Rejected,Medium,Yes,Yes,Yes,85,,58,2025-01-10,,City Garage,Hyderabad,TS
CL01329,P0496,2025-01-01,2024-12-20,Medical,Online,22763,20486, approved ,High,Yes,Yes,Yes,75,,52,2025-01-10,,City Garage,Hyderabad,TS
CL01330,P0177,2025-01-01,2024-12-20,Fire,Online,68458,61612,Rejected,Medium,Yes,Yes,Yes,47,,52,2025-01-10,,City Garage,Hyderabad,TS
CL01331,P0352,2025-01-01,2024-12-20,Theft,Online,19424,17481, approved ,Medium,Yes,Yes,No,29,,28,2025-01-10,,Apollo,Hyderabad,TS
CL01332,P0342,2025-01-01,2024-12-20,Fire,Online,10579,9521,Pending,Low,Yes,Yes,No,65,,26,2025-01-10,,City Garage,Hyderabad,TS
CL01333,P0594,2025-01-01,2024-12-20,Accident,Online,352748,317473,Rejected,High,Yes,Yes,No,58,,51,2025-01-10,,City Garage,Hyderabad,TS
CL01334,P0753,2025-01-01,2024-12-20,Fire,Online,99206,89285, approved ,High,Yes,Yes,Yes,91,,43,2025-01-10,,Apollo,Hyderabad,TS
CL01335,P0603,2025-01-01,2024-12-20,Fire,Online,483580,435222, approved ,Medium,Yes,Yes,Yes,88,,26,2025-01-10,,Apollo,Hyderabad,TS
CL01336,P0647,2025-01-01,2024-12-20,Fire,Online,90385,81346, approved ,Low,Yes,Yes,Yes,49,,55,2025-01-10,,Apollo,Hyderabad,TS
CL01337,P0752,2025-01-01,2024-12-20,Theft,Online,475822,428239, approved ,High,Yes,Yes,No,31,,35,2025-01-10,,Apollo,Hyderabad,TS
CL01338,P0874,2025-01-01,2024-12-20,Fire,Online,359547,323592,Approved,Low,Yes,Yes,Yes,37,359547,3,2025-01-10,,Apollo,Hyderabad,TS
CL01339,P0935,2025-01-01,2024-12-20,Fire,Online,39611,35649,Approved,Medium,Yes,Yes,Yes,65,39611,56,2025-01-10,,City Garage,Hyderabad,TS
CL01340,P0611,2025-01-01,2024-12-20,Theft,Online,27831,25047, approved ,High,Yes,Yes,Yes,84,,20,2025-01-10,,Apollo,Hyderabad,TS
CL01341,P0154,2025-01-01,2024-12-20,Medical,Online,443782,399403,Pending,Medium,Yes,Yes,Yes,62,,30,2025-01-10,,Apollo,Hyderabad,TS
CL01342,P0329,2025-01-01,2024-12-20,Theft,Online,462983,416684, approved ,High,Yes,Yes,Yes,82,,38,2025-01-10,,Apollo,Hyderabad,TS
CL01343,P0701,2025-01-01,2024-12-20,Accident,Online,421467,379320,Approved,Medium,Yes,Yes,No,47,421467,15,2025-01-10,,City Garage,Hyderabad,TS
CL01344,P0551,2025-01-01,2024-12-20,Medical,Online,224572,202114, approved ,Medium,Yes,Yes,No,48,,17,2025-01-10,,Apollo,Hyderabad,TS
CL01345,P0502,2025-01-01,2024-12-20,Fire,Online,466178,419560, approved ,Low,Yes,Yes,Yes,66,,5,2025-01-10,,Apollo,Hyderabad,TS
CL01346,P0742,2025-01-01,2024-12-20,Medical,Online,6749,6074,Approved,High,Yes,Yes,No,19,6749,41,2025-01-10,,City Garage,Hyderabad,TS
CL01347,P0044,2025-01-01,2024-12-20,Accident,Online,243033,218729,Pending,Low,Yes,Yes,Yes,56,,24,2025-01-10,,City Garage,Hyderabad,TS
CL01348,P0530,2025-01-01,2024-12-20,Medical,Online,438156,394340, approved ,High,Yes,Yes,Yes,94,,49,2025-01-10,,City Garage,Hyderabad,TS
CL01349,P0138,2025-01-01,2024-12-20,Fire,Online,398150,358335,Rejected,High,Yes,Yes,No,2,,9,2025-01-10,,City Garage,Hyderabad,TS
CL01350,P0100,2025-01-01,2024-12-20,Theft,Online,400573,360515, approved ,Medium,Yes,Yes,Yes,88,,39,2025-01-10,,Apollo,Hyderabad,TS
CL01351,P0447,2025-01-01,2024-12-20,Accident,Online,448802,403921,Approved,Low,Yes,Yes,Yes,31,448802,23,2025-01-10,,City Garage,Hyderabad,TS
CL01352,P0401,2025-01-01,2024-12-20,Accident,Online,157516,141764, approved ,Low,Yes,Yes,Yes,89,,8,2025-01-10,,City Garage,Hyderabad,TS
CL01353,P0348,2025-01-01,2024-12-20,Fire,Online,41047,36942,Rejected,High,Yes,Yes,Yes,45,,20,2025-01-10,,City Garage,Hyderabad,TS
CL01354,P0198,2025-01-01,2024-12-20,Theft,Online,416107,374496,Pending,Low,Yes,Yes,No,74,,60,2025-01-10,,City Garage,Hyderabad,TS
CL01355,P0806,2025-01-01,2024-12-20,Fire,Online,307788,277009,Approved,Low,Yes,Yes,No,41,307788,19,2025-01-10,,Apollo,Hyderabad,TS
CL01356,P0126,2025-01-01,2024-12-20,Accident,Online,419468,377521,Pending,Low,Yes,Yes,No,43,,54,2025-01-10,,City Garage,Hyderabad,TS
CL01357,P0474,2025-01-01,2024-12-20,Fire,Online,12127,10914, approved ,Medium,Yes,Yes,No,85,,43,2025-01-10,,Apollo,Hyderabad,TS
CL01358,P0531,2025-01-01,2024-12-20,Fire,Online,476903,429212,Rejected,High,Yes,Yes,Yes,19,,53,2025-01-10,,Apollo,Hyderabad,TS
CL01359,P0272,2025-01-01,2024-12-20,Theft,Online,40370,36333,Rejected,High,Yes,Yes,Yes,59,,21,2025-01-10,,City Garage,Hyderabad,TS
CL01360,P0645,2025-01-01,2024-12-20,Medical,Online,317296,285566, approved ,High,Yes,Yes,Yes,55,,36,2025-01-10,,Apollo,Hyderabad,TS
CL01361,P0553,2025-01-01,2024-12-20,Accident,Online,45553,40997,Pending,Low,Yes,Yes,No,3,,60,2025-01-10,,City Garage,Hyderabad,TS
CL01362,P0850,2025-01-01,2024-12-20,Medical,Online,98099,88289,Rejected,Low,Yes,Yes,Yes,32,,33,2025-01-10,,City Garage,Hyderabad,TS
CL01363,P0056,2025-01-01,2024-12-20,Theft,Online,407272,366544,Pending,Medium,Yes,Yes,Yes,12,,30,2025-01-10,,Apollo,Hyderabad,TS
CL01364,P0821,2025-01-01,2024-12-20,Theft,Online,107196,96476,Approved,Low,Yes,Yes,No,7,107196,25,2025-01-10,,City Garage,Hyderabad,TS
CL01365,P0933,2025-01-01,2024-12-20,Medical,Online,158878,142990,Approved,Low,Yes,Yes,Yes,53,158878,32,2025-01-10,,City Garage,Hyderabad,TS
CL01366,P0091,2025-01-01,2024-12-20,Accident,Online,341259,307133,Rejected,Medium,Yes,Yes,No,10,,37,2025-01-10,,Apollo,Hyderabad,TS
CL01367,P0412,2025-01-01,2024-12-20,Fire,Online,43019,38717,Rejected,Medium,Yes,Yes,No,74,,4,2025-01-10,,City Garage,Hyderabad,TS
CL01368,P0476,2025-01-01,2024-12-20,Theft,Online,274151,246735,Approved,Low,Yes,Yes,No,49,274151,12,2025-01-10,,City Garage,Hyderabad,TS
CL01369,P0806,2025-01-01,2024-12-20,Theft,Online,491393,442253,Rejected,Low,Yes,Yes,No,83,,12,2025-01-10,,City Garage,Hyderabad,TS
CL01370,P0465,2025-01-01,2024-12-20,Fire,Online,308487,277638,Rejected,Medium,Yes,Yes,Yes,58,,31,2025-01-10,,Apollo,Hyderabad,TS
CL01371,P0223,2025-01-01,2024-12-20,Fire,Online,368711,331839,Approved,High,Yes,Yes,No,4,368711,30,2025-01-10,,City Garage,Hyderabad,TS
CL01372,P0223,2025-01-01,2024-12-20,Accident,Online,431962,388765,Approved,Medium,Yes,Yes,No,80,431962,14,2025-01-10,,City Garage,Hyderabad,TS
CL01373,P0159,2025-01-01,2024-12-20,Accident,Online,80379,72341,Approved,Medium,Yes,Yes,Yes,79,80379,55,2025-01-10,,City Garage,Hyderabad,TS
CL01374,P0113,2025-01-01,2024-12-20,Fire,Online,137007,123306,Pending,High,Yes,Yes,No,45,,10,2025-01-10,,Apollo,Hyderabad,TS
CL01375,P0624,2025-01-01,2024-12-20,Accident,Online,37289,33560,Approved,Medium,Yes,Yes,No,88,37289,44,2025-01-10,,City Garage,Hyderabad,TS
CL01376,P0633,2025-01-01,2024-12-20,Medical,Online,195900,176310, approved ,Medium,Yes,Yes,Yes,35,,9,2025-01-10,,Apollo,Hyderabad,TS
CL01377,P0975,2025-01-01,2024-12-20,Theft,Online,357273,321545, approved ,Low,Yes,Yes,Yes,8,,38,2025-01-10,,Apollo,Hyderabad,TS
CL01378,P0085,2025-01-01,2024-12-20,Theft,Online,228668,205801,Rejected,Low,Yes,Yes,Yes,67,,14,2025-01-10,,Apollo,Hyderabad,TS
CL01379,P0547,2025-01-01,2024-12-20,Medical,Online,166897,150207,Pending,Low,Yes,Yes,No,4,,10,2025-01-10,,City Garage,Hyderabad,TS
CL01380,P0105,2025-01-01,2024-12-20,Medical,Online,455539,409985,Pending,High,Yes,Yes,No,67,,1,2025-01-10,,City Garage,Hyderabad,TS
CL01381,P0924,2025-01-01,2024-12-20,Accident,Online,255041,229536,Approved,Low,Yes,Yes,Yes,43,255041,15,2025-01-10,,Apollo,Hyderabad,TS
CL01382,P0269,2025-01-01,2024-12-20,Medical,Online,54604,49143,Approved,High,Yes,Yes,No,92,54604,19,2025-01-10,,City Garage,Hyderabad,TS
CL01383,P0994,2025-01-01,2024-12-20,Accident,Online,296662,266995, approved ,Medium,Yes,Yes,Yes,93,,48,2025-01-10,,Apollo,Hyderabad,TS
CL01384,P0009,2025-01-01,2024-12-20,Medical,Online,428021,385218, approved ,High,Yes,Yes,No,7,,13,2025-01-10,,Apollo,Hyderabad,TS
CL01385,P0186,2025-01-01,2024-12-20,Fire,Online,85349,76814,Approved,Medium,Yes,Yes,No,65,85349,30,2025-01-10,,Apollo,Hyderabad,TS
CL01386,P0510,2025-01-01,2024-12-20,Medical,Online,289922,260929,Approved,Low,Yes,Yes,No,76,289922,29,2025-01-10,,City Garage,Hyderabad,TS
CL01387,P0381,2025-01-01,2024-12-20,Fire,Online,330045,297040,Rejected,Low,Yes,Yes,No,55,,10,2025-01-10,,Apollo,Hyderabad,TS
CL01388,P0043,2025-01-01,2024-12-20,Accident,Online,465246,418721,Rejected,High,Yes,Yes,No,69,,12,2025-01-10,,Apollo,Hyderabad,TS
CL01389,P0695,2025-01-01,2024-12-20,Medical,Online,135210,121689, approved ,Medium,Yes,Yes,No,82,,41,2025-01-10,,Apollo,Hyderabad,TS
CL01390,P0155,2025-01-01,2024-12-20,Theft,Online,467622,420859, approved ,Low,Yes,Yes,No,0,,13,2025-01-10,,City Garage,Hyderabad,TS
CL01391,P0368,2025-01-01,2024-12-20,Fire,Online,331338,298204,Rejected,High,Yes,Yes,Yes,71,,57,2025-01-10,,Apollo,Hyderabad,TS
CL01392,P0909,2025-01-01,2024-12-20,Fire,Online,154526,139073, approved ,High,Yes,Yes,No,47,,37,2025-01-10,,City Garage,Hyderabad,TS
CL01393,P0523,2025-01-01,2024-12-20,Medical,Online,415687,374118, approved ,Medium,Yes,Yes,No,23,,53,2025-01-10,,Apollo,Hyderabad,TS
CL01394,P0146,2025-01-01,2024-12-20,Theft,Online,113677,102309,Pending,Medium,Yes,Yes,Yes,97,,6,2025-01-10,,City Garage,Hyderabad,TS
CL01395,P0599,2025-01-01,2024-12-20,Accident,Online,375121,337608,Rejected,Medium,Yes,Yes,Yes,77,,30,2025-01-10,,Apollo,Hyderabad,TS
CL01396,P0467,2025-01-01,2024-12-20,Theft,Online,391498,352348,Rejected,Medium,Yes,Yes,No,40,,3,2025-01-10,,Apollo,Hyderabad,TS
CL01397,P0087,2025-01-01,2024-12-20,Fire,Online,141428,127285,Pending,Medium,Yes,Yes,No,31,,24,2025-01-10,,Apollo,Hyderabad,TS
CL01398,P0837,2025-01-01,2024-12-20,Theft,Online,91044,81939,Pending,High,Yes,Yes,Yes,2,,9,2025-01-10,,Apollo,Hyderabad,TS
CL01399,P0815,2025-01-01,2024-12-20,Theft,Online,251429,226286, approved ,Low,Yes,Yes,Yes,93,,35,2025-01-10,,Apollo,Hyderabad,TS
CL01400,P0785,2025-01-01,2024-12-20,Medical,Online,170839,153755,Rejected,High,Yes,Yes,No,41,,58,2025-01-10,,City Garage,Hyderabad,TS
CL01401,P0447,2025-01-01,2024-12-20,Theft,Online,133516,120164, approved ,High,Yes,Yes,No,24,,1,2025-01-10,,Apollo,Hyderabad,TS
CL01402,P0309,2025-01-01,2024-12-20,Theft,Online,229983,206984,Approved,High,Yes,Yes,Yes,21,229983,33,2025-01-10,,City Garage,Hyderabad,TS
CL01403,P0619,2025-01-01,2024-12-20,Fire,Online,429615,386653,Rejected,High,Yes,Yes,No,26,,25,2025-01-10,,City Garage,Hyderabad,TS
CL01404,P0525,2025-01-01,2024-12-20,Fire,Online,389505,350554,Rejected,Low,Yes,Yes,Yes,27,,57,2025-01-10,,City Garage,Hyderabad,TS
CL01405,P0034,2025-01-01,2024-12-20,Accident,Online,247689,222920,Pending,Medium,Yes,Yes,No,79,,20,2025-01-10,,City Garage,Hyderabad,TS
CL01406,P0850,2025-01-01,2024-12-20,Theft,Online,28923,26030, approved ,Low,Yes,Yes,Yes,78,,57,2025-01-10,,City Garage,Hyderabad,TS
CL01407,P0661,2025-01-01,2024-12-20,Medical,Online,322793,290513,Pending,Low,Yes,Yes,No,91,,19,2025-01-10,,City Garage,Hyderabad,TS
CL01408,P0680,2025-01-01,2024-12-20,Fire,Online,75113,67601, approved ,Medium,Yes,Yes,No,20,,40,2025-01-10,,City Garage,Hyderabad,TS
CL01409,P0190,2025-01-01,2024-12-20,Accident,Online,272103,244892,Pending,High,Yes,Yes,Yes,6,,30,2025-01-10,,City Garage,Hyderabad,TS
CL01410,P0138,2025-01-01,2024-12-20,Theft,Online,135768,122191,Rejected,High,Yes,Yes,Yes,32,,3,2025-01-10,,Apollo,Hyderabad,TS
CL01411,P0344,2025-01-01,2024-12-20,Theft,Online,136624,122961,Rejected,High,Yes,Yes,No,5,,22,2025-01-10,,Apollo,Hyderabad,TS
CL01412,P0599,2025-01-01,2024-12-20,Theft,Online,243970,219573,Approved,High,Yes,Yes,No,90,243970,58,2025-01-10,,City Garage,Hyderabad,TS
CL01413,P0873,2025-01-01,2024-12-20,Theft,Online,491015,441913,Approved,High,Yes,Yes,No,33,491015,11,2025-01-10,,City Garage,Hyderabad,TS
CL01414,P0035,2025-01-01,2024-12-20,Theft,Online,160670,144603, approved ,Medium,Yes,Yes,Yes,5,,5,2025-01-10,,Apollo,Hyderabad,TS
CL01415,P0276,2025-01-01,2024-12-20,Medical,Online,120982,108883,Approved,High,Yes,Yes,Yes,9,120982,34,2025-01-10,,City Garage,Hyderabad,TS
CL01416,P0091,2025-01-01,2024-12-20,Accident,Online,53808,48427,Approved,Medium,Yes,Yes,No,29,53808,59,2025-01-10,,City Garage,Hyderabad,TS
CL01417,P0846,2025-01-01,2024-12-20,Medical,Online,216516,194864,Rejected,Medium,Yes,Yes,Yes,44,,8,2025-01-10,,Apollo,Hyderabad,TS
CL01418,P0747,2025-01-01,2024-12-20,Fire,Online,90643,81578,Pending,Medium,Yes,Yes,No,71,,35,2025-01-10,,Apollo,Hyderabad,TS
CL01419,P0481,2025-01-01,2024-12-20,Fire,Online,249868,224881,Approved,High,Yes,Yes,No,53,249868,12,2025-01-10,,City Garage,Hyderabad,TS
CL01420,P0147,2025-01-01,2024-12-20,Accident,Online,182288,164059,Rejected,High,Yes,Yes,Yes,96,,28,2025-01-10,,City Garage,Hyderabad,TS
CL01421,P0732,2025-01-01,2024-12-20,Theft,Online,484984,436485, approved ,Medium,Yes,Yes,Yes,34,,13,2025-01-10,,Apollo,Hyderabad,TS
CL01422,P0193,2025-01-01,2024-12-20,Theft,Online,385089,346580, approved ,Low,Yes,Yes,No,30,,56,2025-01-10,,Apollo,Hyderabad,TS
CL01423,P0386,2025-01-01,2024-12-20,Theft,Online,16334,14700,Approved,Low,Yes,Yes,Yes,87,16334,27,2025-01-10,,Apollo,Hyderabad,TS
CL01424,P0867,2025-01-01,2024-12-20,Accident,Online,279192,251272,Rejected,High,Yes,Yes,No,36,,23,2025-01-10,,City Garage,Hyderabad,TS
CL01425,P0586,2025-01-01,2024-12-20,Medical,Online,421362,379225,Pending,Low,Yes,Yes,No,43,,10,2025-01-10,,Apollo,Hyderabad,TS
CL01426,P0584,2025-01-01,2024-12-20,Fire,Online,326169,293552,Pending,Low,Yes,Yes,No,40,,19,2025-01-10,,City Garage,Hyderabad,TS
CL01427,P0311,2025-01-01,2024-12-20,Fire,Online,140167,126150,Approved,High,Yes,Yes,Yes,89,140167,18,2025-01-10,,Apollo,Hyderabad,TS
CL01428,P0679,2025-01-01,2024-12-20,Theft,Online,304514,274062, approved ,High,Yes,Yes,No,48,,53,2025-01-10,,City Garage,Hyderabad,TS
CL01429,P0355,2025-01-01,2024-12-20,Theft,Online,154955,139459,Rejected,Low,Yes,Yes,Yes,81,,38,2025-01-10,,City Garage,Hyderabad,TS
CL01430,P0125,2025-01-01,2024-12-20,Medical,Online,381625,343462,Approved,Medium,Yes,Yes,Yes,79,381625,47,2025-01-10,,Apollo,Hyderabad,TS
CL01431,P0960,2025-01-01,2024-12-20,Theft,Online,391229,352106, approved ,Medium,Yes,Yes,No,58,,53,2025-01-10,,City Garage,Hyderabad,TS
CL01432,P0255,2025-01-01,2024-12-20,Theft,Online,363775,327397,Approved,Medium,Yes,Yes,Yes,59,363775,56,2025-01-10,,City Garage,Hyderabad,TS
CL01433,P0950,2025-01-01,2024-12-20,Medical,Online,171591,154431,Approved,Medium,Yes,Yes,No,4,171591,1,2025-01-10,,Apollo,Hyderabad,TS
CL01434,P0829,2025-01-01,2024-12-20,Medical,Online,334357,300921,Rejected,High,Yes,Yes,Yes,15,,13,2025-01-10,,Apollo,Hyderabad,TS
CL01435,P0619,2025-01-01,2024-12-20,Fire,Online,444617,400155,Rejected,Medium,Yes,Yes,No,64,,58,2025-01-10,,Apollo,Hyderabad,TS
CL01436,P0367,2025-01-01,2024-12-20,Fire,Online,118413,106571, approved ,High,Yes,Yes,Yes,99,,56,2025-01-10,,Apollo,Hyderabad,TS
CL01437,P0687,2025-01-01,2024-12-20,Accident,Online,198386,178547,Rejected,High,Yes,Yes,No,10,,46,2025-01-10,,City Garage,Hyderabad,TS
CL01438,P0231,2025-01-01,2024-12-20,Accident,Online,279918,251926, approved ,High,Yes,Yes,No,1,,43,2025-01-10,,Apollo,Hyderabad,TS
CL01439,P0881,2025-01-01,2024-12-20,Fire,Online,449244,404319, approved ,Medium,Yes,Yes,No,25,,39,2025-01-10,,Apollo,Hyderabad,TS
CL01440,P0986,2025-01-01,2024-12-20,Fire,Online,88789,79910,Rejected,High,Yes,Yes,Yes,12,,29,2025-01-10,,City Garage,Hyderabad,TS
CL01441,P0505,2025-01-01,2024-12-20,Theft,Online,415994,374394,Approved,High,Yes,Yes,No,37,415994,40,2025-01-10,,City Garage,Hyderabad,TS
CL01442,P0533,2025-01-01,2024-12-20,Accident,Online,359862,323875,Rejected,Medium,Yes,Yes,Yes,55,,8,2025-01-10,,City Garage,Hyderabad,TS
CL01443,P0740,2025-01-01,2024-12-20,Fire,Online,448609,403748, approved ,Low,Yes,Yes,Yes,35,,39,2025-01-10,,City Garage,Hyderabad,TS
CL01444,P0002,2025-01-01,2024-12-20,Medical,Online,236394,212754,Approved,Medium,Yes,Yes,No,63,236394,52,2025-01-10,,Apollo,Hyderabad,TS
CL01445,P0157,2025-01-01,2024-12-20,Medical,Online,50331,45297,Approved,Low,Yes,Yes,No,70,50331,53,2025-01-10,,City Garage,Hyderabad,TS
CL01446,P0304,2025-01-01,2024-12-20,Accident,Online,389009,350108,Approved,High,Yes,Yes,No,32,389009,22,2025-01-10,,Apollo,Hyderabad,TS
CL01447,P0569,2025-01-01,2024-12-20,Medical,Online,493081,443772,Approved,Medium,Yes,Yes,No,1,493081,21,2025-01-10,,City Garage,Hyderabad,TS
CL01448,P0919,2025-01-01,2024-12-20,Theft,Online,452929,407636,Approved,Low,Yes,Yes,Yes,42,452929,32,2025-01-10,,Apollo,Hyderabad,TS
CL01449,P0786,2025-01-01,2024-12-20,Accident,Online,110626,99563, approved ,Low,Yes,Yes,Yes,79,,45,2025-01-10,,Apollo,Hyderabad,TS
CL01450,P0561,2025-01-01,2024-12-20,Theft,Online,40433,36389,Approved,Low,Yes,Yes,Yes,61,40433,9,2025-01-10,,City Garage,Hyderabad,TS
CL01451,P0792,2025-01-01,2024-12-20,Fire,Online,216145,194530,Pending,Medium,Yes,Yes,No,32,,12,2025-01-10,,Apollo,Hyderabad,TS
CL01452,P0554,2025-01-01,2024-12-20,Theft,Online,271392,244252, approved ,Medium,Yes,Yes,No,71,,19,2025-01-10,,Apollo,Hyderabad,TS
CL01453,P0051,2025-01-01,2024-12-20,Fire,Online,231561,208404,Pending,High,Yes,Yes,No,54,,8,2025-01-10,,Apollo,Hyderabad,TS
CL01454,P0074,2025-01-01,2024-12-20,Fire,Online,36365,32728, approved ,High,Yes,Yes,Yes,68,,22,2025-01-10,,Apollo,Hyderabad,TS
CL01455,P0520,2025-01-01,2024-12-20,Accident,Online,484774,436296,Rejected,High,Yes,Yes,Yes,96,,16,2025-01-10,,City Garage,Hyderabad,TS
CL01456,P0852,2025-01-01,2024-12-20,Theft,Online,278851,250965,Approved,High,Yes,Yes,No,90,278851,40,2025-01-10,,City Garage,Hyderabad,TS
CL01457,P0023,2025-01-01,2024-12-20,Fire,Online,61502,55351,Rejected,Medium,Yes,Yes,No,54,,58,2025-01-10,,City Garage,Hyderabad,TS
CL01458,P0501,2025-01-01,2024-12-20,Theft,Online,62861,56574, approved ,Low,Yes,Yes,No,57,,25,2025-01-10,,City Garage,Hyderabad,TS
CL01459,P0735,2025-01-01,2024-12-20,Medical,Online,176077,158469, approved ,Medium,Yes,Yes,No,74,,19,2025-01-10,,City Garage,Hyderabad,TS
CL01460,P0849,2025-01-01,2024-12-20,Fire,Online,54027,48624,Pending,Medium,Yes,Yes,Yes,16,,29,2025-01-10,,City Garage,Hyderabad,TS
CL01461,P0084,2025-01-01,2024-12-20,Theft,Online,54026,48623, approved ,Low,Yes,Yes,No,39,,3,2025-01-10,,Apollo,Hyderabad,TS
CL01462,P0417,2025-01-01,2024-12-20,Fire,Online,232637,209373,Approved,High,Yes,Yes,Yes,5,232637,43,2025-01-10,,Apollo,Hyderabad,TS
CL01463,P0652,2025-01-01,2024-12-20,Accident,Online,236173,212555,Approved,Medium,Yes,Yes,Yes,13,236173,1,2025-01-10,,City Garage,Hyderabad,TS
CL01464,P0213,2025-01-01,2024-12-20,Theft,Online,120637,108573,Pending,Low,Yes,Yes,Yes,19,,57,2025-01-10,,Apollo,Hyderabad,TS
CL01465,P0295,2025-01-01,2024-12-20,Accident,Online,196055,176449,Rejected,Low,Yes,Yes,No,16,,5,2025-01-10,,City Garage,Hyderabad,TS
CL01466,P0566,2025-01-01,2024-12-20,Fire,Online,205667,185100,Approved,High,Yes,Yes,Yes,78,205667,1,2025-01-10,,Apollo,Hyderabad,TS
CL01467,P0771,2025-01-01,2024-12-20,Theft,Online,47670,42903,Approved,Medium,Yes,Yes,No,50,47670,14,2025-01-10,,Apollo,Hyderabad,TS
CL01468,P0072,2025-01-01,2024-12-20,Accident,Online,90556,81500,Rejected,High,Yes,Yes,No,3,,51,2025-01-10,,Apollo,Hyderabad,TS
CL01469,P0607,2025-01-01,2024-12-20,Theft,Online,491005,441904,Approved,Low,Yes,Yes,Yes,66,491005,26,2025-01-10,,City Garage,Hyderabad,TS
CL01470,P0749,2025-01-01,2024-12-20,Accident,Online,453721,408348, approved ,Low,Yes,Yes,Yes,85,,22,2025-01-10,,City Garage,Hyderabad,TS
CL01471,P0144,2025-01-01,2024-12-20,Theft,Online,334383,300944,Pending,High,Yes,Yes,No,25,,11,2025-01-10,,City Garage,Hyderabad,TS
CL01472,P0963,2025-01-01,2024-12-20,Medical,Online,289636,260672,Pending,Low,Yes,Yes,Yes,18,,30,2025-01-10,,Apollo,Hyderabad,TS
CL01473,P0330,2025-01-01,2024-12-20,Theft,Online,94712,85240,Approved,Medium,Yes,Yes,Yes,2,94712,47,2025-01-10,,City Garage,Hyderabad,TS
CL01474,P0821,2025-01-01,2024-12-20,Medical,Online,112695,101425,Approved,Low,Yes,Yes,No,40,112695,15,2025-01-10,,City Garage,Hyderabad,TS
CL01475,P0279,2025-01-01,2024-12-20,Theft,Online,101674,91506, approved ,High,Yes,Yes,Yes,18,,56,2025-01-10,,City Garage,Hyderabad,TS
CL01476,P0948,2025-01-01,2024-12-20,Fire,Online,94129,84716,Rejected,Medium,Yes,Yes,No,97,,47,2025-01-10,,Apollo,Hyderabad,TS
CL01477,P0790,2025-01-01,2024-12-20,Medical,Online,283856,255470,Rejected,High,Yes,Yes,No,92,,29,2025-01-10,,Apollo,Hyderabad,TS
CL01478,P0760,2025-01-01,2024-12-20,Fire,Online,449159,404243,Approved,High,Yes,Yes,No,20,449159,35,2025-01-10,,Apollo,Hyderabad,TS
CL01479,P0126,2025-01-01,2024-12-20,Accident,Online,418881,376992, approved ,Medium,Yes,Yes,Yes,50,,16,2025-01-10,,City Garage,Hyderabad,TS
CL01480,P0307,2025-01-01,2024-12-20,Accident,Online,77054,69348,Rejected,Medium,Yes,Yes,No,39,,42,2025-01-10,,Apollo,Hyderabad,TS
CL01481,P0244,2025-01-01,2024-12-20,Fire,Online,421142,379027, approved ,Medium,Yes,Yes,No,79,,49,2025-01-10,,City Garage,Hyderabad,TS
CL01482,P0269,2025-01-01,2024-12-20,Theft,Online,155938,140344,Approved,High,Yes,Yes,No,20,155938,36,2025-01-10,,Apollo,Hyderabad,TS
CL01483,P0679,2025-01-01,2024-12-20,Theft,Online,247039,222335,Pending,Low,Yes,Yes,No,23,,47,2025-01-10,,Apollo,Hyderabad,TS
CL01484,P0646,2025-01-01,2024-12-20,Medical,Online,316222,284599, approved ,Low,Yes,Yes,Yes,92,,40,2025-01-10,,Apollo,Hyderabad,TS
CL01485,P0137,2025-01-01,2024-12-20,Accident,Online,462364,416127,Pending,High,Yes,Yes,Yes,39,,17,2025-01-10,,City Garage,Hyderabad,TS
CL01486,P0509,2025-01-01,2024-12-20,Fire,Online,439463,395516,Approved,High,Yes,Yes,No,8,439463,21,2025-01-10,,City Garage,Hyderabad,TS
CL01487,P0008,2025-01-01,2024-12-20,Accident,Online,401832,361648, approved ,High,Yes,Yes,Yes,39,,38,2025-01-10,,City Garage,Hyderabad,TS
CL01488,P0692,2025-01-01,2024-12-20,Fire,Online,294366,264929, approved ,Low,Yes,Yes,No,29,,53,2025-01-10,,Apollo,Hyderabad,TS
CL01489,P0744,2025-01-01,2024-12-20,Accident,Online,72954,65658,Approved,Medium,Yes,Yes,Yes,26,72954,32,2025-01-10,,Apollo,Hyderabad,TS
CL01490,P0662,2025-01-01,2024-12-20,Fire,Online,38856,34970,Approved,Low,Yes,Yes,Yes,22,38856,19,2025-01-10,,Apollo,Hyderabad,TS
CL01491,P0441,2025-01-01,2024-12-20,Theft,Online,144372,129934, approved ,High,Yes,Yes,Yes,12,,51,2025-01-10,,Apollo,Hyderabad,TS
CL01492,P0959,2025-01-01,2024-12-20,Fire,Online,116181,104562, approved ,Medium,Yes,Yes,Yes,49,,50,2025-01-10,,City Garage,Hyderabad,TS
CL01493,P0884,2025-01-01,2024-12-20,Accident,Online,298203,268382, approved ,High,Yes,Yes,No,78,,8,2025-01-10,,Apollo,Hyderabad,TS
CL01494,P0081,2025-01-01,2024-12-20,Fire,Online,150283,135254, approved ,Medium,Yes,Yes,Yes,68,,43,2025-01-10,,City Garage,Hyderabad,TS
CL01495,P0760,2025-01-01,2024-12-20,Theft,Online,166375,149737, approved ,Medium,Yes,Yes,No,3,,60,2025-01-10,,City Garage,Hyderabad,TS
CL01496,P0608,2025-01-01,2024-12-20,Theft,Online,6903,6212,Rejected,Low,Yes,Yes,No,91,,59,2025-01-10,,Apollo,Hyderabad,TS
CL01497,P0265,2025-01-01,2024-12-20,Fire,Online,47061,42354, approved ,Medium,Yes,Yes,No,80,,21,2025-01-10,,City Garage,Hyderabad,TS
CL01498,P0063,2025-01-01,2024-12-20,Accident,Online,73653,66287, approved ,Low,Yes,Yes,Yes,65,,15,2025-01-10,,Apollo,Hyderabad,TS
CL01499,P0618,2025-01-01,2024-12-20,Theft,Online,280744,252669, approved ,High,Yes,Yes,Yes,83,,60,2025-01-10,,City Garage,Hyderabad,TS
CL01500,P0201,2025-01-01,2024-12-20,Medical,Online,442086,397877, approved ,Low,Yes,Yes,Yes,72,,30,2025-01-10,,City Garage,Hyderabad,TS
CL01501,P0499,2025-01-01,2024-12-20,Medical,Online,420025,378022,Rejected,Low,Yes,Yes,No,88,,32,2025-01-10,,Apollo,Hyderabad,TS
CL01502,P0364,2025-01-01,2024-12-20,Medical,Online,6428,5785, approved ,High,Yes,Yes,No,29,,57,2025-01-10,,City Garage,Hyderabad,TS
CL01503,P0894,2025-01-01,2024-12-20,Theft,Online,387118,348406, approved ,High,Yes,Yes,No,88,,18,2025-01-10,,City Garage,Hyderabad,TS
CL01504,P0139,2025-01-01,2024-12-20,Fire,Online,294228,264805,Rejected,Low,Yes,Yes,Yes,59,,4,2025-01-10,,City Garage,Hyderabad,TS
CL01505,P0431,2025-01-01,2024-12-20,Accident,Online,337323,303590,Pending,High,Yes,Yes,No,30,,8,2025-01-10,,City Garage,Hyderabad,TS
CL01506,P0772,2025-01-01,2024-12-20,Theft,Online,398559,358703, approved ,Low,Yes,Yes,Yes,52,,51,2025-01-10,,Apollo,Hyderabad,TS
CL01507,P0320,2025-01-01,2024-12-20,Medical,Online,14846,13361,Rejected,High,Yes,Yes,No,63,,40,2025-01-10,,Apollo,Hyderabad,TS
CL01508,P0018,2025-01-01,2024-12-20,Theft,Online,34705,31234,Rejected,High,Yes,Yes,Yes,51,,14,2025-01-10,,Apollo,Hyderabad,TS
CL01509,P0669,2025-01-01,2024-12-20,Fire,Online,166901,150210,Rejected,High,Yes,Yes,Yes,81,,49,2025-01-10,,City Garage,Hyderabad,TS
CL01510,P0193,2025-01-01,2024-12-20,Fire,Online,127908,115117, approved ,Medium,Yes,Yes,Yes,83,,49,2025-01-10,,Apollo,Hyderabad,TS
CL01511,P0016,2025-01-01,2024-12-20,Fire,Online,448933,404039,Rejected,Low,Yes,Yes,No,74,,44,2025-01-10,,Apollo,Hyderabad,TS
CL01512,P0475,2025-01-01,2024-12-20,Medical,Online,463443,417098, approved ,High,Yes,Yes,Yes,94,,24,2025-01-10,,Apollo,Hyderabad,TS
CL01513,P0432,2025-01-01,2024-12-20,Accident,Online,10678,9610, approved ,High,Yes,Yes,Yes,8,,28,2025-01-10,,City Garage,Hyderabad,TS
CL01514,P0836,2025-01-01,2024-12-20,Fire,Online,439339,395405,Rejected,Medium,Yes,Yes,Yes,91,,25,2025-01-10,,City Garage,Hyderabad,TS
CL01515,P0842,2025-01-01,2024-12-20,Theft,Online,414299,372869,Pending,High,Yes,Yes,Yes,54,,6,2025-01-10,,Apollo,Hyderabad,TS
CL01516,P0719,2025-01-01,2024-12-20,Fire,Online,382088,343879, approved ,High,Yes,Yes,Yes,61,,44,2025-01-10,,Apollo,Hyderabad,TS
CL01517,P0605,2025-01-01,2024-12-20,Accident,Online,441375,397237,Approved,High,Yes,Yes,Yes,38,441375,60,2025-01-10,,Apollo,Hyderabad,TS
CL01518,P0383,2025-01-01,2024-12-20,Accident,Online,459217,413295,Rejected,High,Yes,Yes,No,59,,49,2025-01-10,,City Garage,Hyderabad,TS
CL01519,P0478,2025-01-01,2024-12-20,Fire,Online,420417,378375,Pending,Low,Yes,Yes,No,73,,22,2025-01-10,,Apollo,Hyderabad,TS
CL01520,P0648,2025-01-01,2024-12-20,Accident,Online,300881,270792,Approved,Low,Yes,Yes,No,84,300881,3,2025-01-10,,Apollo,Hyderabad,TS
CL01521,P0100,2025-01-01,2024-12-20,Theft,Online,215371,193833,Approved,Low,Yes,Yes,Yes,27,215371,31,2025-01-10,,City Garage,Hyderabad,TS
CL01522,P0254,2025-01-01,2024-12-20,Medical,Online,196443,176798, approved ,High,Yes,Yes,No,54,,3,2025-01-10,,Apollo,Hyderabad,TS
CL01523,P0399,2025-01-01,2024-12-20,Theft,Online,102776,92498,Approved,High,Yes,Yes,No,14,102776,19,2025-01-10,,Apollo,Hyderabad,TS
CL01524,P0209,2025-01-01,2024-12-20,Theft,Online,72997,65697, approved ,Medium,Yes,Yes,No,10,,5,2025-01-10,,Apollo,Hyderabad,TS
CL01525,P0031,2025-01-01,2024-12-20,Medical,Online,269262,242335,Rejected,Medium,Yes,Yes,No,87,,18,2025-01-10,,Apollo,Hyderabad,TS
CL01526,P0519,2025-01-01,2024-12-20,Theft,Online,448854,403968, approved ,High,Yes,Yes,No,100,,18,2025-01-10,,Apollo,Hyderabad,TS
CL01527,P0781,2025-01-01,2024-12-20,Medical,Online,297810,268029, approved ,Medium,Yes,Yes,Yes,25,,15,2025-01-10,,Apollo,Hyderabad,TS
CL01528,P0188,2025-01-01,2024-12-20,Fire,Online,459799,413819,Approved,Medium,Yes,Yes,Yes,25,459799,52,2025-01-10,,Apollo,Hyderabad,TS
CL01529,P0284,2025-01-01,2024-12-20,Accident,Online,226898,204208,Approved,Medium,Yes,Yes,Yes,52,226898,28,2025-01-10,,City Garage,Hyderabad,TS
CL01530,P0563,2025-01-01,2024-12-20,Fire,Online,147427,132684,Rejected,Low,Yes,Yes,Yes,62,,51,2025-01-10,,City Garage,Hyderabad,TS
CL01531,P0824,2025-01-01,2024-12-20,Accident,Online,111890,100701,Pending,Medium,Yes,Yes,No,18,,35,2025-01-10,,Apollo,Hyderabad,TS
CL01532,P0992,2025-01-01,2024-12-20,Accident,Online,352309,317078,Approved,Low,Yes,Yes,No,70,352309,39,2025-01-10,,Apollo,Hyderabad,TS
CL01533,P0842,2025-01-01,2024-12-20,Medical,Online,201111,180999,Pending,Low,Yes,Yes,No,62,,14,2025-01-10,,City Garage,Hyderabad,TS
CL01534,P0890,2025-01-01,2024-12-20,Theft,Online,115614,104052,Rejected,High,Yes,Yes,No,69,,60,2025-01-10,,City Garage,Hyderabad,TS
CL01535,P0759,2025-01-01,2024-12-20,Fire,Online,311164,280047, approved ,High,Yes,Yes,Yes,14,,18,2025-01-10,,City Garage,Hyderabad,TS
CL01536,P0037,2025-01-01,2024-12-20,Accident,Online,352291,317061, approved ,Low,Yes,Yes,Yes,42,,44,2025-01-10,,City Garage,Hyderabad,TS
CL01537,P0085,2025-01-01,2024-12-20,Medical,Online,283461,255114,Rejected,High,Yes,Yes,No,9,,11,2025-01-10,,City Garage,Hyderabad,TS
CL01538,P0804,2025-01-01,2024-12-20,Theft,Online,179531,161577,Approved,High,Yes,Yes,No,21,179531,4,2025-01-10,,City Garage,Hyderabad,TS
CL01539,P0539,2025-01-01,2024-12-20,Fire,Online,333532,300178,Pending,High,Yes,Yes,Yes,12,,27,2025-01-10,,Apollo,Hyderabad,TS
CL01540,P0076,2025-01-01,2024-12-20,Accident,Online,249272,224344, approved ,Medium,Yes,Yes,Yes,93,,31,2025-01-10,,Apollo,Hyderabad,TS
CL01541,P0296,2025-01-01,2024-12-20,Accident,Online,488731,439857,Rejected,Medium,Yes,Yes,No,15,,42,2025-01-10,,Apollo,Hyderabad,TS
CL01542,P0358,2025-01-01,2024-12-20,Fire,Online,8084,7275, approved ,Medium,Yes,Yes,No,49,,8,2025-01-10,,Apollo,Hyderabad,TS
CL01543,P0972,2025-01-01,2024-12-20,Medical,Online,115470,103923, approved ,Medium,Yes,Yes,No,12,,15,2025-01-10,,City Garage,Hyderabad,TS
CL01544,P0380,2025-01-01,2024-12-20,Medical,Online,6687,6018,Approved,Low,Yes,Yes,Yes,84,6687,5,2025-01-10,,Apollo,Hyderabad,TS
CL01545,P0242,2025-01-01,2024-12-20,Medical,Online,211476,190328,Approved,Medium,Yes,Yes,No,90,211476,38,2025-01-10,,City Garage,Hyderabad,TS
CL01546,P0297,2025-01-01,2024-12-20,Fire,Online,95267,85740,Approved,Low,Yes,Yes,No,21,95267,10,2025-01-10,,Apollo,Hyderabad,TS
CL01547,P0076,2025-01-01,2024-12-20,Accident,Online,300436,270392,Rejected,Medium,Yes,Yes,Yes,74,,60,2025-01-10,,City Garage,Hyderabad,TS
CL01548,P0896,2025-01-01,2024-12-20,Medical,Online,453602,408241,Pending,High,Yes,Yes,Yes,41,,30,2025-01-10,,City Garage,Hyderabad,TS
CL01549,P0154,2025-01-01,2024-12-20,Fire,Online,468943,422048, approved ,Medium,Yes,Yes,No,84,,36,2025-01-10,,Apollo,Hyderabad,TS
CL01550,P0931,2025-01-01,2024-12-20,Fire,Online,280073,252065, approved ,High,Yes,Yes,Yes,52,,53,2025-01-10,,Apollo,Hyderabad,TS
CL01551,P0863,2025-01-01,2024-12-20,Medical,Online,82951,74655, approved ,Medium,Yes,Yes,No,73,,41,2025-01-10,,Apollo,Hyderabad,TS
CL01552,P0014,2025-01-01,2024-12-20,Accident,Online,296416,266774, approved ,Low,Yes,Yes,Yes,78,,2,2025-01-10,,City Garage,Hyderabad,TS
CL01553,P0732,2025-01-01,2024-12-20,Accident,Online,40529,36476, approved ,Medium,Yes,Yes,Yes,25,,37,2025-01-10,,City Garage,Hyderabad,TS
CL01554,P0174,2025-01-01,2024-12-20,Medical,Online,330203,297182,Pending,Medium,Yes,Yes,No,88,,39,2025-01-10,,City Garage,Hyderabad,TS
CL01555,P0799,2025-01-01,2024-12-20,Medical,Online,187960,169164,Rejected,High,Yes,Yes,No,76,,2,2025-01-10,,City Garage,Hyderabad,TS
CL01556,P0258,2025-01-01,2024-12-20,Fire,Online,319530,287577,Rejected,High,Yes,Yes,Yes,52,,14,2025-01-10,,City Garage,Hyderabad,TS
CL01557,P0588,2025-01-01,2024-12-20,Fire,Online,462355,416119, approved ,Medium,Yes,Yes,No,9,,28,2025-01-10,,Apollo,Hyderabad,TS
CL01558,P0252,2025-01-01,2024-12-20,Medical,Online,15475,13927,Pending,Medium,Yes,Yes,No,18,,30,2025-01-10,,Apollo,Hyderabad,TS
CL01559,P0003,2025-01-01,2024-12-20,Theft,Online,195012,175510,Rejected,Low,Yes,Yes,Yes,85,,23,2025-01-10,,City Garage,Hyderabad,TS
CL01560,P0888,2025-01-01,2024-12-20,Theft,Online,142150,127935, approved ,Medium,Yes,Yes,Yes,49,,18,2025-01-10,,Apollo,Hyderabad,TS
CL01561,P0812,2025-01-01,2024-12-20,Theft,Online,85809,77228, approved ,Low,Yes,Yes,Yes,57,,16,2025-01-10,,Apollo,Hyderabad,TS
CL01562,P0787,2025-01-01,2024-12-20,Accident,Online,274704,247233, approved ,High,Yes,Yes,No,28,,57,2025-01-10,,City Garage,Hyderabad,TS
CL01563,P0381,2025-01-01,2024-12-20,Theft,Online,197509,177758, approved ,Low,Yes,Yes,Yes,87,,2,2025-01-10,,Apollo,Hyderabad,TS
CL01564,P0802,2025-01-01,2024-12-20,Theft,Online,339177,305259,Approved,Medium,Yes,Yes,No,75,339177,35,2025-01-10,,Apollo,Hyderabad,TS
CL01565,P0695,2025-01-01,2024-12-20,Theft,Online,109388,98449,Pending,Medium,Yes,Yes,No,76,,20,2025-01-10,,Apollo,Hyderabad,TS
CL01566,P0527,2025-01-01,2024-12-20,Fire,Online,471259,424133, approved ,High,Yes,Yes,Yes,5,,60,2025-01-10,,Apollo,Hyderabad,TS
CL01567,P0245,2025-01-01,2024-12-20,Theft,Online,224565,202108,Pending,High,Yes,Yes,Yes,41,,16,2025-01-10,,Apollo,Hyderabad,TS
CL01568,P0158,2025-01-01,2024-12-20,Medical,Online,416942,375247,Approved,High,Yes,Yes,Yes,36,416942,43,2025-01-10,,City Garage,Hyderabad,TS
CL01569,P0930,2025-01-01,2024-12-20,Fire,Online,33672,30304,Approved,Low,Yes,Yes,No,67,33672,36,2025-01-10,,Apollo,Hyderabad,TS
CL01570,P0711,2025-01-01,2024-12-20,Medical,Online,337745,303970, approved ,Medium,Yes,Yes,No,43,,59,2025-01-10,,City Garage,Hyderabad,TS
CL01571,P0995,2025-01-01,2024-12-20,Medical,Online,426116,383504, approved ,High,Yes,Yes,No,5,,34,2025-01-10,,Apollo,Hyderabad,TS
CL01572,P0650,2025-01-01,2024-12-20,Accident,Online,306836,276152,Pending,High,Yes,Yes,No,86,,10,2025-01-10,,Apollo,Hyderabad,TS
CL01573,P0087,2025-01-01,2024-12-20,Fire,Online,313496,282146,Rejected,Medium,Yes,Yes,No,77,,46,2025-01-10,,City Garage,Hyderabad,TS
CL01574,P0847,2025-01-01,2024-12-20,Accident,Online,325943,293348,Rejected,Medium,Yes,Yes,Yes,2,,37,2025-01-10,,Apollo,Hyderabad,TS
CL01575,P0048,2025-01-01,2024-12-20,Medical,Online,243393,219053,Rejected,Low,Yes,Yes,No,42,,25,2025-01-10,,City Garage,Hyderabad,TS
CL01576,P0550,2025-01-01,2024-12-20,Theft,Online,480001,432000,Rejected,Medium,Yes,Yes,Yes,36,,51,2025-01-10,,City Garage,Hyderabad,TS
CL01577,P0617,2025-01-01,2024-12-20,Fire,Online,29958,26962, approved ,High,Yes,Yes,Yes,73,,31,2025-01-10,,Apollo,Hyderabad,TS
CL01578,P0253,2025-01-01,2024-12-20,Theft,Online,278498,250648,Pending,Low,Yes,Yes,Yes,12,,45,2025-01-10,,City Garage,Hyderabad,TS
CL01579,P0045,2025-01-01,2024-12-20,Medical,Online,90321,81288,Approved,High,Yes,Yes,Yes,48,90321,13,2025-01-10,,City Garage,Hyderabad,TS
CL01580,P0059,2025-01-01,2024-12-20,Accident,Online,50273,45245, approved ,High,Yes,Yes,Yes,58,,7,2025-01-10,,City Garage,Hyderabad,TS
CL01581,P0557,2025-01-01,2024-12-20,Fire,Online,90129,81116,Rejected,High,Yes,Yes,Yes,18,,6,2025-01-10,,City Garage,Hyderabad,TS
CL01582,P0909,2025-01-01,2024-12-20,Medical,Online,145140,130626,Pending,Medium,Yes,Yes,No,19,,44,2025-01-10,,City Garage,Hyderabad,TS
CL01583,P0040,2025-01-01,2024-12-20,Fire,Online,245637,221073, approved ,Low,Yes,Yes,Yes,83,,23,2025-01-10,,Apollo,Hyderabad,TS
CL01584,P0124,2025-01-01,2024-12-20,Theft,Online,163801,147420,Approved,High,Yes,Yes,Yes,11,163801,42,2025-01-10,,Apollo,Hyderabad,TS
CL01585,P0428,2025-01-01,2024-12-20,Accident,Online,47603,42842,Approved,Medium,Yes,Yes,No,85,47603,32,2025-01-10,,Apollo,Hyderabad,TS
CL01586,P0971,2025-01-01,2024-12-20,Medical,Online,49956,44960,Rejected,Medium,Yes,Yes,Yes,71,,3,2025-01-10,,Apollo,Hyderabad,TS
CL01587,P0692,2025-01-01,2024-12-20,Accident,Online,257319,231587, approved ,Medium,Yes,Yes,Yes,27,,42,2025-01-10,,Apollo,Hyderabad,TS
CL01588,P0553,2025-01-01,2024-12-20,Accident,Online,184938,166444,Approved,Medium,Yes,Yes,No,17,184938,50,2025-01-10,,Apollo,Hyderabad,TS
CL01589,P0289,2025-01-01,2024-12-20,Accident,Online,162294,146064,Approved,Low,Yes,Yes,No,15,162294,44,2025-01-10,,Apollo,Hyderabad,TS
CL01590,P0601,2025-01-01,2024-12-20,Fire,Online,348615,313753, approved ,Low,Yes,Yes,No,92,,22,2025-01-10,,Apollo,Hyderabad,TS
CL01591,P0117,2025-01-01,2024-12-20,Medical,Online,428080,385272, approved ,Low,Yes,Yes,Yes,68,,55,2025-01-10,,Apollo,Hyderabad,TS
CL01592,P0572,2025-01-01,2024-12-20,Accident,Online,294949,265454,Approved,Medium,Yes,Yes,Yes,14,294949,59,2025-01-10,,City Garage,Hyderabad,TS
CL01593,P0154,2025-01-01,2024-12-20,Accident,Online,250666,225599,Approved,High,Yes,Yes,No,18,250666,21,2025-01-10,,City Garage,Hyderabad,TS
CL01594,P0962,2025-01-01,2024-12-20,Medical,Online,169714,152742, approved ,Low,Yes,Yes,No,28,,13,2025-01-10,,Apollo,Hyderabad,TS
CL01595,P0835,2025-01-01,2024-12-20,Fire,Online,396923,357230,Approved,Medium,Yes,Yes,Yes,28,396923,21,2025-01-10,,City Garage,Hyderabad,TS
CL01596,P0443,2025-01-01,2024-12-20,Medical,Online,143039,128735, approved ,Low,Yes,Yes,Yes,90,,27,2025-01-10,,City Garage,Hyderabad,TS
CL01597,P0398,2025-01-01,2024-12-20,Accident,Online,54062,48655,Approved,Medium,Yes,Yes,Yes,26,54062,5,2025-01-10,,City Garage,Hyderabad,TS
CL01598,P0923,2025-01-01,2024-12-20,Fire,Online,59979,53981,Pending,Medium,Yes,Yes,No,95,,56,2025-01-10,,City Garage,Hyderabad,TS
CL01599,P0368,2025-01-01,2024-12-20,Theft,Online,181871,163683, approved ,Low,Yes,Yes,No,23,,39,2025-01-10,,City Garage,Hyderabad,TS
CL01600,P0784,2025-01-01,2024-12-20,Accident,Online,359924,323931,Pending,Low,Yes,Yes,Yes,85,,1,2025-01-10,,Apollo,Hyderabad,TS
CL01601,P0248,2025-01-01,2024-12-20,Theft,Online,309231,278307,Approved,Medium,Yes,Yes,No,78,309231,28,2025-01-10,,City Garage,Hyderabad,TS
CL01602,P0965,2025-01-01,2024-12-20,Medical,Online,303019,272717,Pending,Medium,Yes,Yes,Yes,83,,12,2025-01-10,,Apollo,Hyderabad,TS
CL01603,P0234,2025-01-01,2024-12-20,Fire,Online,361111,324999,Pending,High,Yes,Yes,Yes,77,,36,2025-01-10,,Apollo,Hyderabad,TS
CL01604,P0681,2025-01-01,2024-12-20,Theft,Online,208252,187426,Rejected,Low,Yes,Yes,No,81,,43,2025-01-10,,City Garage,Hyderabad,TS
CL01605,P0126,2025-01-01,2024-12-20,Medical,Online,494720,445248,Rejected,Medium,Yes,Yes,No,11,,37,2025-01-10,,Apollo,Hyderabad,TS
CL01606,P0366,2025-01-01,2024-12-20,Accident,Online,411040,369936,Pending,Low,Yes,Yes,No,59,,53,2025-01-10,,City Garage,Hyderabad,TS
CL01607,P0521,2025-01-01,2024-12-20,Fire,Online,455626,410063,Rejected,High,Yes,Yes,No,51,,40,2025-01-10,,Apollo,Hyderabad,TS
CL01608,P0307,2025-01-01,2024-12-20,Accident,Online,450041,405036, approved ,Medium,Yes,Yes,No,97,,43,2025-01-10,,City Garage,Hyderabad,TS
CL01609,P0538,2025-01-01,2024-12-20,Accident,Online,113490,102141,Approved,Medium,Yes,Yes,No,63,113490,45,2025-01-10,,Apollo,Hyderabad,TS
CL01610,P0141,2025-01-01,2024-12-20,Fire,Online,155826,140243, approved ,Low,Yes,Yes,No,22,,11,2025-01-10,,City Garage,Hyderabad,TS
CL01611,P0670,2025-01-01,2024-12-20,Fire,Online,43845,39460,Approved,Medium,Yes,Yes,No,68,43845,21,2025-01-10,,City Garage,Hyderabad,TS
CL01612,P0441,2025-01-01,2024-12-20,Fire,Online,43633,39269,Rejected,Medium,Yes,Yes,No,68,,31,2025-01-10,,City Garage,Hyderabad,TS
CL01613,P0074,2025-01-01,2024-12-20,Medical,Online,173506,156155,Approved,Low,Yes,Yes,No,91,173506,16,2025-01-10,,City Garage,Hyderabad,TS
CL01614,P0894,2025-01-01,2024-12-20,Theft,Online,446661,401994, approved ,Low,Yes,Yes,No,62,,47,2025-01-10,,Apollo,Hyderabad,TS
CL01615,P0398,2025-01-01,2024-12-20,Theft,Online,452578,407320,Approved,Medium,Yes,Yes,Yes,50,452578,55,2025-01-10,,City Garage,Hyderabad,TS
CL01616,P0173,2025-01-01,2024-12-20,Fire,Online,239972,215974, approved ,High,Yes,Yes,Yes,54,,9,2025-01-10,,Apollo,Hyderabad,TS
CL01617,P0749,2025-01-01,2024-12-20,Theft,Online,205194,184674, approved ,Medium,Yes,Yes,Yes,48,,19,2025-01-10,,Apollo,Hyderabad,TS
CL01618,P0293,2025-01-01,2024-12-20,Medical,Online,146633,131969, approved ,High,Yes,Yes,No,61,,33,2025-01-10,,Apollo,Hyderabad,TS
CL01619,P0409,2025-01-01,2024-12-20,Medical,Online,192463,173216,Rejected,Medium,Yes,Yes,Yes,38,,15,2025-01-10,,Apollo,Hyderabad,TS
CL01620,P0008,2025-01-01,2024-12-20,Accident,Online,358780,322902,Rejected,High,Yes,Yes,Yes,76,,36,2025-01-10,,Apollo,Hyderabad,TS
CL01621,P0870,2025-01-01,2024-12-20,Fire,Online,187402,168661,Rejected,Medium,Yes,Yes,No,76,,47,2025-01-10,,Apollo,Hyderabad,TS
CL01622,P0768,2025-01-01,2024-12-20,Accident,Online,495213,445691,Rejected,High,Yes,Yes,Yes,88,,35,2025-01-10,,Apollo,Hyderabad,TS
CL01623,P0547,2025-01-01,2024-12-20,Fire,Online,389944,350949, approved ,Medium,Yes,Yes,Yes,64,,41,2025-01-10,,City Garage,Hyderabad,TS
CL01624,P0193,2025-01-01,2024-12-20,Theft,Online,131405,118264, approved ,High,Yes,Yes,Yes,40,,13,2025-01-10,,Apollo,Hyderabad,TS
CL01625,P0848,2025-01-01,2024-12-20,Fire,Online,285556,257000,Rejected,Medium,Yes,Yes,Yes,15,,36,2025-01-10,,City Garage,Hyderabad,TS
CL01626,P0154,2025-01-01,2024-12-20,Fire,Online,199853,179867,Pending,Low,Yes,Yes,No,0,,30,2025-01-10,,City Garage,Hyderabad,TS
CL01627,P0810,2025-01-01,2024-12-20,Accident,Online,65614,59052,Approved,Low,Yes,Yes,Yes,23,65614,23,2025-01-10,,Apollo,Hyderabad,TS
CL01628,P0290,2025-01-01,2024-12-20,Theft,Online,101975,91777,Pending,Low,Yes,Yes,Yes,35,,40,2025-01-10,,Apollo,Hyderabad,TS
CL01629,P0898,2025-01-01,2024-12-20,Theft,Online,401234,361110, approved ,High,Yes,Yes,No,33,,25,2025-01-10,,City Garage,Hyderabad,TS
CL01630,P0381,2025-01-01,2024-12-20,Fire,Online,60317,54285,Approved,High,Yes,Yes,No,80,60317,5,2025-01-10,,Apollo,Hyderabad,TS
CL01631,P0903,2025-01-01,2024-12-20,Medical,Online,370711,333639,Pending,Low,Yes,Yes,No,78,,25,2025-01-10,,Apollo,Hyderabad,TS
CL01632,P0194,2025-01-01,2024-12-20,Accident,Online,319297,287367, approved ,Medium,Yes,Yes,Yes,27,,13,2025-01-10,,Apollo,Hyderabad,TS
CL01633,P0902,2025-01-01,2024-12-20,Medical,Online,332035,298831,Approved,Low,Yes,Yes,No,58,332035,24,2025-01-10,,City Garage,Hyderabad,TS
CL01634,P0990,2025-01-01,2024-12-20,Theft,Online,99051,89145,Pending,Low,Yes,Yes,No,53,,5,2025-01-10,,Apollo,Hyderabad,TS
CL01635,P0135,2025-01-01,2024-12-20,Medical,Online,202030,181827,Pending,High,Yes,Yes,No,79,,57,2025-01-10,,Apollo,Hyderabad,TS
CL01636,P0090,2025-01-01,2024-12-20,Fire,Online,303420,273078, approved ,Medium,Yes,Yes,No,7,,20,2025-01-10,,Apollo,Hyderabad,TS
CL01637,P0213,2025-01-01,2024-12-20,Theft,Online,113584,102225,Rejected,Low,Yes,Yes,Yes,59,,30,2025-01-10,,Apollo,Hyderabad,TS
CL01638,P0893,2025-01-01,2024-12-20,Fire,Online,99843,89858,Rejected,High,Yes,Yes,Yes,16,,59,2025-01-10,,Apollo,Hyderabad,TS
CL01639,P0745,2025-01-01,2024-12-20,Theft,Online,95893,86303,Rejected,Low,Yes,Yes,No,30,,37,2025-01-10,,Apollo,Hyderabad,TS
CL01640,P0002,2025-01-01,2024-12-20,Fire,Online,498588,448729,Approved,Medium,Yes,Yes,No,75,498588,5,2025-01-10,,Apollo,Hyderabad,TS
CL01641,P0571,2025-01-01,2024-12-20,Fire,Online,240755,216679,Approved,Low,Yes,Yes,No,14,240755,9,2025-01-10,,Apollo,Hyderabad,TS
CL01642,P0024,2025-01-01,2024-12-20,Accident,Online,230046,207041,Pending,High,Yes,Yes,No,29,,57,2025-01-10,,Apollo,Hyderabad,TS
CL01643,P0282,2025-01-01,2024-12-20,Accident,Online,203593,183233,Rejected,Medium,Yes,Yes,Yes,19,,24,2025-01-10,,City Garage,Hyderabad,TS
CL01644,P0655,2025-01-01,2024-12-20,Accident,Online,41390,37251,Pending,Medium,Yes,Yes,No,10,,5,2025-01-10,,Apollo,Hyderabad,TS
CL01645,P0039,2025-01-01,2024-12-20,Medical,Online,383672,345304,Approved,Medium,Yes,Yes,Yes,92,383672,7,2025-01-10,,Apollo,Hyderabad,TS
CL01646,P0661,2025-01-01,2024-12-20,Accident,Online,114989,103490, approved ,Low,Yes,Yes,Yes,43,,18,2025-01-10,,Apollo,Hyderabad,TS
CL01647,P0430,2025-01-01,2024-12-20,Fire,Online,161593,145433,Rejected,Medium,Yes,Yes,Yes,30,,22,2025-01-10,,City Garage,Hyderabad,TS
CL01648,P0073,2025-01-01,2024-12-20,Theft,Online,428531,385677,Approved,Low,Yes,Yes,Yes,0,428531,1,2025-01-10,,City Garage,Hyderabad,TS
CL01649,P0759,2025-01-01,2024-12-20,Medical,Online,24311,21879,Pending,High,Yes,Yes,Yes,50,,15,2025-01-10,,City Garage,Hyderabad,TS
CL01650,P0075,2025-01-01,2024-12-20,Accident,Online,170397,153357, approved ,High,Yes,Yes,Yes,89,,21,2025-01-10,,Apollo,Hyderabad,TS
CL01651,P0666,2025-01-01,2024-12-20,Theft,Online,149507,134556, approved ,High,Yes,Yes,Yes,43,,21,2025-01-10,,City Garage,Hyderabad,TS
CL01652,P0737,2025-01-01,2024-12-20,Fire,Online,329972,296974,Approved,Low,Yes,Yes,Yes,43,329972,48,2025-01-10,,Apollo,Hyderabad,TS
CL01653,P0927,2025-01-01,2024-12-20,Theft,Online,146502,131851,Pending,High,Yes,Yes,No,51,,5,2025-01-10,,Apollo,Hyderabad,TS
CL01654,P0578,2025-01-01,2024-12-20,Fire,Online,9267,8340,Approved,Low,Yes,Yes,No,83,9267,15,2025-01-10,,Apollo,Hyderabad,TS
CL01655,P0554,2025-01-01,2024-12-20,Accident,Online,111326,100193, approved ,Medium,Yes,Yes,Yes,68,,22,2025-01-10,,City Garage,Hyderabad,TS
CL01656,P0532,2025-01-01,2024-12-20,Medical,Online,451539,406385,Rejected,Medium,Yes,Yes,No,68,,46,2025-01-10,,Apollo,Hyderabad,TS
CL01657,P0918,2025-01-01,2024-12-20,Fire,Online,454790,409311,Rejected,Medium,Yes,Yes,No,54,,21,2025-01-10,,City Garage,Hyderabad,TS
CL01658,P0225,2025-01-01,2024-12-20,Medical,Online,316575,284917,Pending,Medium,Yes,Yes,No,73,,48,2025-01-10,,Apollo,Hyderabad,TS
CL01659,P0205,2025-01-01,2024-12-20,Accident,Online,283445,255100,Pending,Medium,Yes,Yes,No,61,,55,2025-01-10,,City Garage,Hyderabad,TS
CL01660,P0486,2025-01-01,2024-12-20,Theft,Online,369970,332973, approved ,Low,Yes,Yes,No,14,,42,2025-01-10,,City Garage,Hyderabad,TS
CL01661,P0196,2025-01-01,2024-12-20,Fire,Online,270669,243602, approved ,Low,Yes,Yes,No,20,,5,2025-01-10,,Apollo,Hyderabad,TS
CL01662,P0158,2025-01-01,2024-12-20,Medical,Online,141544,127389,Pending,Low,Yes,Yes,Yes,22,,6,2025-01-10,,City Garage,Hyderabad,TS
CL01663,P0588,2025-01-01,2024-12-20,Medical,Online,419434,377490,Rejected,Low,Yes,Yes,No,56,,10,2025-01-10,,Apollo,Hyderabad,TS
CL01664,P0394,2025-01-01,2024-12-20,Accident,Online,66159,59543,Rejected,Low,Yes,Yes,Yes,65,,16,2025-01-10,,Apollo,Hyderabad,TS
CL01665,P0323,2025-01-01,2024-12-20,Accident,Online,486431,437787,Pending,Medium,Yes,Yes,Yes,50,,12,2025-01-10,,City Garage,Hyderabad,TS
CL01666,P0993,2025-01-01,2024-12-20,Theft,Online,348827,313944,Rejected,Low,Yes,Yes,Yes,18,,45,2025-01-10,,City Garage,Hyderabad,TS
CL01667,P0978,2025-01-01,2024-12-20,Medical,Online,163240,146916,Pending,Medium,Yes,Yes,No,64,,4,2025-01-10,,Apollo,Hyderabad,TS
CL01668,P0200,2025-01-01,2024-12-20,Fire,Online,67268,60541,Pending,Low,Yes,Yes,Yes,10,,27,2025-01-10,,City Garage,Hyderabad,TS
CL01669,P0015,2025-01-01,2024-12-20,Medical,Online,198131,178317,Approved,Low,Yes,Yes,Yes,8,198131,24,2025-01-10,,City Garage,Hyderabad,TS
CL01670,P0670,2025-01-01,2024-12-20,Medical,Online,72561,65304, approved ,Low,Yes,Yes,Yes,91,,51,2025-01-10,,Apollo,Hyderabad,TS
CL01671,P0321,2025-01-01,2024-12-20,Theft,Online,119172,107254,Approved,Low,Yes,Yes,No,90,119172,14,2025-01-10,,Apollo,Hyderabad,TS
CL01672,P0134,2025-01-01,2024-12-20,Theft,Online,32867,29580,Rejected,High,Yes,Yes,Yes,54,,53,2025-01-10,,City Garage,Hyderabad,TS
CL01673,P0172,2025-01-01,2024-12-20,Accident,Online,468088,421279,Rejected,High,Yes,Yes,No,59,,59,2025-01-10,,City Garage,Hyderabad,TS
CL01674,P0032,2025-01-01,2024-12-20,Fire,Online,24416,21974,Approved,High,Yes,Yes,No,47,24416,47,2025-01-10,,City Garage,Hyderabad,TS
CL01675,P0059,2025-01-01,2024-12-20,Fire,Online,58882,52993,Approved,High,Yes,Yes,Yes,89,58882,21,2025-01-10,,City Garage,Hyderabad,TS
CL01676,P0110,2025-01-01,2024-12-20,Fire,Online,369844,332859,Rejected,Low,Yes,Yes,No,81,,58,2025-01-10,,City Garage,Hyderabad,TS
CL01677,P0144,2025-01-01,2024-12-20,Fire,Online,128084,115275,Pending,Medium,Yes,Yes,Yes,73,,10,2025-01-10,,City Garage,Hyderabad,TS
CL01678,P0377,2025-01-01,2024-12-20,Accident,Online,173543,156188,Pending,Low,Yes,Yes,No,49,,32,2025-01-10,,City Garage,Hyderabad,TS
CL01679,P0189,2025-01-01,2024-12-20,Theft,Online,368724,331851,Approved,Medium,Yes,Yes,Yes,38,368724,13,2025-01-10,,City Garage,Hyderabad,TS
CL01680,P0358,2025-01-01,2024-12-20,Theft,Online,135077,121569,Rejected,Low,Yes,Yes,Yes,72,,22,2025-01-10,,City Garage,Hyderabad,TS
CL01681,P0231,2025-01-01,2024-12-20,Accident,Online,148101,133290,Rejected,Medium,Yes,Yes,Yes,99,,19,2025-01-10,,Apollo,Hyderabad,TS
CL01682,P0640,2025-01-01,2024-12-20,Accident,Online,45732,41158,Approved,Low,Yes,Yes,No,45,45732,10,2025-01-10,,City Garage,Hyderabad,TS
CL01683,P0331,2025-01-01,2024-12-20,Accident,Online,143881,129492, approved ,High,Yes,Yes,Yes,55,,41,2025-01-10,,Apollo,Hyderabad,TS
CL01684,P0287,2025-01-01,2024-12-20,Fire,Online,447134,402420,Rejected,High,Yes,Yes,Yes,85,,23,2025-01-10,,City Garage,Hyderabad,TS
CL01685,P0637,2025-01-01,2024-12-20,Accident,Online,140096,126086,Approved,Medium,Yes,Yes,Yes,9,140096,31,2025-01-10,,City Garage,Hyderabad,TS
CL01686,P0369,2025-01-01,2024-12-20,Theft,Online,246436,221792, approved ,High,Yes,Yes,No,23,,12,2025-01-10,,Apollo,Hyderabad,TS
CL01687,P0456,2025-01-01,2024-12-20,Medical,Online,69341,62406, approved ,Low,Yes,Yes,No,44,,47,2025-01-10,,City Garage,Hyderabad,TS
CL01688,P0387,2025-01-01,2024-12-20,Theft,Online,189876,170888,Pending,High,Yes,Yes,No,34,,42,2025-01-10,,Apollo,Hyderabad,TS
CL01689,P0642,2025-01-01,2024-12-20,Accident,Online,265334,238800, approved ,High,Yes,Yes,Yes,13,,39,2025-01-10,,Apollo,Hyderabad,TS
CL01690,P0292,2025-01-01,2024-12-20,Medical,Online,33284,29955,Pending,Low,Yes,Yes,No,9,,4,2025-01-10,,Apollo,Hyderabad,TS
CL01691,P0012,2025-01-01,2024-12-20,Theft,Online,272114,244902, approved ,High,Yes,Yes,Yes,87,,35,2025-01-10,,Apollo,Hyderabad,TS
CL01692,P0636,2025-01-01,2024-12-20,Fire,Online,284412,255970,Pending,High,Yes,Yes,Yes,39,,2,2025-01-10,,City Garage,Hyderabad,TS
CL01693,P0225,2025-01-01,2024-12-20,Medical,Online,342713,308441,Rejected,Medium,Yes,Yes,Yes,3,,58,2025-01-10,,Apollo,Hyderabad,TS
CL01694,P0871,2025-01-01,2024-12-20,Fire,Online,489172,440254,Approved,Low,Yes,Yes,No,33,489172,28,2025-01-10,,City Garage,Hyderabad,TS
CL01695,P0100,2025-01-01,2024-12-20,Theft,Online,312025,280822,Approved,Medium,Yes,Yes,Yes,88,312025,35,2025-01-10,,Apollo,Hyderabad,TS
CL01696,P0500,2025-01-01,2024-12-20,Accident,Online,306990,276291,Rejected,High,Yes,Yes,No,84,,42,2025-01-10,,City Garage,Hyderabad,TS
CL01697,P0945,2025-01-01,2024-12-20,Accident,Online,480004,432003, approved ,High,Yes,Yes,No,44,,36,2025-01-10,,Apollo,Hyderabad,TS
CL01698,P0821,2025-01-01,2024-12-20,Medical,Online,260795,234715, approved ,Low,Yes,Yes,No,46,,6,2025-01-10,,City Garage,Hyderabad,TS
CL01699,P0875,2025-01-01,2024-12-20,Fire,Online,475321,427788, approved ,High,Yes,Yes,Yes,71,,51,2025-01-10,,Apollo,Hyderabad,TS
CL01700,P0556,2025-01-01,2024-12-20,Accident,Online,225153,202637,Rejected,High,Yes,Yes,Yes,62,,38,2025-01-10,,City Garage,Hyderabad,TS
CL01701,P0471,2025-01-01,2024-12-20,Accident,Online,75239,67715,Approved,Low,Yes,Yes,No,17,75239,34,2025-01-10,,City Garage,Hyderabad,TS
CL01702,P0670,2025-01-01,2024-12-20,Medical,Online,172092,154882, approved ,Medium,Yes,Yes,No,80,,26,2025-01-10,,City Garage,Hyderabad,TS
CL01703,P0378,2025-01-01,2024-12-20,Accident,Online,106309,95678,Pending,High,Yes,Yes,Yes,61,,50,2025-01-10,,Apollo,Hyderabad,TS
CL01704,P0288,2025-01-01,2024-12-20,Medical,Online,354561,319104,Approved,Medium,Yes,Yes,Yes,4,354561,46,2025-01-10,,City Garage,Hyderabad,TS
CL01705,P0192,2025-01-01,2024-12-20,Accident,Online,157584,141825,Pending,Low,Yes,Yes,Yes,33,,38,2025-01-10,,City Garage,Hyderabad,TS
CL01706,P0560,2025-01-01,2024-12-20,Medical,Online,85326,76793, approved ,Low,Yes,Yes,No,74,,60,2025-01-10,,Apollo,Hyderabad,TS
CL01707,P0278,2025-01-01,2024-12-20,Theft,Online,483853,435467,Approved,Medium,Yes,Yes,No,98,483853,11,2025-01-10,,City Garage,Hyderabad,TS
CL01708,P0210,2025-01-01,2024-12-20,Fire,Online,71052,63946,Rejected,Low,Yes,Yes,Yes,23,,5,2025-01-10,,City Garage,Hyderabad,TS
CL01709,P0014,2025-01-01,2024-12-20,Theft,Online,405722,365149,Rejected,Medium,Yes,Yes,Yes,34,,28,2025-01-10,,Apollo,Hyderabad,TS
CL01710,P0335,2025-01-01,2024-12-20,Theft,Online,253532,228178,Rejected,Medium,Yes,Yes,Yes,58,,27,2025-01-10,,Apollo,Hyderabad,TS
CL01711,P0482,2025-01-01,2024-12-20,Theft,Online,433551,390195,Rejected,High,Yes,Yes,No,94,,44,2025-01-10,,Apollo,Hyderabad,TS
CL01712,P0462,2025-01-01,2024-12-20,Fire,Online,271698,244528,Rejected,High,Yes,Yes,Yes,19,,2,2025-01-10,,City Garage,Hyderabad,TS
CL01713,P0653,2025-01-01,2024-12-20,Accident,Online,332842,299557, approved ,Low,Yes,Yes,Yes,92,,10,2025-01-10,,City Garage,Hyderabad,TS
CL01714,P0227,2025-01-01,2024-12-20,Medical,Online,188426,169583,Rejected,High,Yes,Yes,Yes,42,,11,2025-01-10,,City Garage,Hyderabad,TS
CL01715,P0514,2025-01-01,2024-12-20,Accident,Online,274012,246610,Approved,Low,Yes,Yes,No,88,274012,34,2025-01-10,,City Garage,Hyderabad,TS
CL01716,P0224,2025-01-01,2024-12-20,Fire,Online,190743,171668,Pending,Medium,Yes,Yes,No,77,,46,2025-01-10,,City Garage,Hyderabad,TS
CL01717,P0649,2025-01-01,2024-12-20,Accident,Online,146422,131779, approved ,Medium,Yes,Yes,Yes,48,,11,2025-01-10,,Apollo,Hyderabad,TS
CL01718,P0164,2025-01-01,2024-12-20,Fire,Online,384542,346087,Approved,High,Yes,Yes,Yes,90,384542,53,2025-01-10,,Apollo,Hyderabad,TS
CL01719,P0546,2025-01-01,2024-12-20,Fire,Online,252361,227124,Pending,Low,Yes,Yes,No,13,,36,2025-01-10,,Apollo,Hyderabad,TS
CL01720,P0621,2025-01-01,2024-12-20,Fire,Online,100053,90047,Rejected,Medium,Yes,Yes,Yes,44,,33,2025-01-10,,City Garage,Hyderabad,TS
CL01721,P0159,2025-01-01,2024-12-20,Accident,Online,302965,272668,Pending,Medium,Yes,Yes,No,75,,59,2025-01-10,,City Garage,Hyderabad,TS
CL01722,P0769,2025-01-01,2024-12-20,Fire,Online,369257,332331, approved ,Low,Yes,Yes,No,25,,49,2025-01-10,,Apollo,Hyderabad,TS
CL01723,P0599,2025-01-01,2024-12-20,Theft,Online,156490,140841,Approved,High,Yes,Yes,No,43,156490,54,2025-01-10,,City Garage,Hyderabad,TS
CL01724,P0242,2025-01-01,2024-12-20,Accident,Online,384850,346365, approved ,Low,Yes,Yes,No,72,,56,2025-01-10,,Apollo,Hyderabad,TS
CL01725,P0015,2025-01-01,2024-12-20,Accident,Online,414903,373412,Pending,High,Yes,Yes,No,47,,58,2025-01-10,,Apollo,Hyderabad,TS
CL01726,P0076,2025-01-01,2024-12-20,Theft,Online,201352,181216,Pending,Medium,Yes,Yes,No,94,,43,2025-01-10,,City Garage,Hyderabad,TS
CL01727,P0853,2025-01-01,2024-12-20,Accident,Online,120528,108475,Approved,High,Yes,Yes,Yes,57,120528,46,2025-01-10,,Apollo,Hyderabad,TS
CL01728,P0029,2025-01-01,2024-12-20,Theft,Online,217564,195807, approved ,Low,Yes,Yes,No,39,,21,2025-01-10,,Apollo,Hyderabad,TS
CL01729,P0147,2025-01-01,2024-12-20,Theft,Online,211328,190195,Pending,Low,Yes,Yes,No,98,,52,2025-01-10,,City Garage,Hyderabad,TS
CL01730,P0913,2025-01-01,2024-12-20,Accident,Online,259824,233841,Approved,Medium,Yes,Yes,No,40,259824,8,2025-01-10,,City Garage,Hyderabad,TS
CL01731,P0482,2025-01-01,2024-12-20,Accident,Online,321433,289289,Rejected,Medium,Yes,Yes,No,71,,5,2025-01-10,,City Garage,Hyderabad,TS
CL01732,P0841,2025-01-01,2024-12-20,Fire,Online,148937,134043, approved ,Low,Yes,Yes,No,38,,52,2025-01-10,,City Garage,Hyderabad,TS
CL01733,P0575,2025-01-01,2024-12-20,Accident,Online,211030,189927,Approved,Low,Yes,Yes,No,8,211030,49,2025-01-10,,Apollo,Hyderabad,TS
CL01734,P0638,2025-01-01,2024-12-20,Fire,Online,277403,249662,Rejected,Low,Yes,Yes,No,93,,60,2025-01-10,,Apollo,Hyderabad,TS
CL01735,P0231,2025-01-01,2024-12-20,Fire,Online,84158,75742,Approved,Low,Yes,Yes,Yes,82,84158,59,2025-01-10,,City Garage,Hyderabad,TS
CL01736,P0970,2025-01-01,2024-12-20,Fire,Online,231376,208238,Pending,Low,Yes,Yes,No,4,,32,2025-01-10,,City Garage,Hyderabad,TS
CL01737,P0733,2025-01-01,2024-12-20,Fire,Online,172415,155173,Rejected,High,Yes,Yes,No,52,,18,2025-01-10,,City Garage,Hyderabad,TS
CL01738,P0767,2025-01-01,2024-12-20,Fire,Online,495107,445596,Approved,Medium,Yes,Yes,No,92,495107,49,2025-01-10,,Apollo,Hyderabad,TS
CL01739,P0416,2025-01-01,2024-12-20,Accident,Online,340334,306300,Approved,Low,Yes,Yes,Yes,73,340334,32,2025-01-10,,Apollo,Hyderabad,TS
CL01740,P0408,2025-01-01,2024-12-20,Fire,Online,437656,393890, approved ,High,Yes,Yes,Yes,96,,54,2025-01-10,,Apollo,Hyderabad,TS
CL01741,P0582,2025-01-01,2024-12-20,Medical,Online,469476,422528, approved ,Low,Yes,Yes,Yes,17,,55,2025-01-10,,City Garage,Hyderabad,TS
CL01742,P0746,2025-01-01,2024-12-20,Theft,Online,83453,75107,Rejected,High,Yes,Yes,Yes,96,,23,2025-01-10,,Apollo,Hyderabad,TS
CL01743,P0820,2025-01-01,2024-12-20,Theft,Online,389090,350181, approved ,Medium,Yes,Yes,Yes,68,,59,2025-01-10,,City Garage,Hyderabad,TS
CL01744,P0119,2025-01-01,2024-12-20,Medical,Online,149152,134236, approved ,Low,Yes,Yes,Yes,48,,43,2025-01-10,,City Garage,Hyderabad,TS
CL01745,P0791,2025-01-01,2024-12-20,Accident,Online,58031,52227,Rejected,Low,Yes,Yes,Yes,27,,16,2025-01-10,,City Garage,Hyderabad,TS
CL01746,P0819,2025-01-01,2024-12-20,Theft,Online,86599,77939,Rejected,Medium,Yes,Yes,Yes,50,,55,2025-01-10,,City Garage,Hyderabad,TS
CL01747,P0049,2025-01-01,2024-12-20,Accident,Online,120503,108452, approved ,High,Yes,Yes,No,88,,32,2025-01-10,,City Garage,Hyderabad,TS
CL01748,P0827,2025-01-01,2024-12-20,Theft,Online,240324,216291,Rejected,Medium,Yes,Yes,Yes,24,,19,2025-01-10,,Apollo,Hyderabad,TS
CL01749,P0452,2025-01-01,2024-12-20,Fire,Online,424955,382459, approved ,Low,Yes,Yes,Yes,76,,11,2025-01-10,,Apollo,Hyderabad,TS
CL01750,P0455,2025-01-01,2024-12-20,Fire,Online,44374,39936,Pending,Low,Yes,Yes,Yes,13,,60,2025-01-10,,City Garage,Hyderabad,TS
CL01751,P0538,2025-01-01,2024-12-20,Fire,Online,255714,230142,Rejected,High,Yes,Yes,No,72,,17,2025-01-10,,Apollo,Hyderabad,TS
CL01752,P0028,2025-01-01,2024-12-20,Theft,Online,101991,91791, approved ,Low,Yes,Yes,Yes,65,,53,2025-01-10,,City Garage,Hyderabad,TS
CL01753,P0506,2025-01-01,2024-12-20,Theft,Online,51853,46667,Pending,High,Yes,Yes,Yes,33,,18,2025-01-10,,City Garage,Hyderabad,TS
CL01754,P0957,2025-01-01,2024-12-20,Medical,Online,139126,125213, approved ,High,Yes,Yes,No,20,,16,2025-01-10,,City Garage,Hyderabad,TS
CL01755,P0780,2025-01-01,2024-12-20,Fire,Online,401296,361166,Pending,High,Yes,Yes,No,67,,2,2025-01-10,,City Garage,Hyderabad,TS
CL01756,P0887,2025-01-01,2024-12-20,Accident,Online,417874,376086,Rejected,High,Yes,Yes,No,12,,16,2025-01-10,,City Garage,Hyderabad,TS
CL01757,P0797,2025-01-01,2024-12-20,Theft,Online,296393,266753, approved ,High,Yes,Yes,Yes,4,,58,2025-01-10,,City Garage,Hyderabad,TS
CL01758,P0649,2025-01-01,2024-12-20,Fire,Online,224989,202490,Approved,High,Yes,Yes,No,73,224989,33,2025-01-10,,City Garage,Hyderabad,TS
CL01759,P0901,2025-01-01,2024-12-20,Fire,Online,488468,439621,Approved,Low,Yes,Yes,Yes,83,488468,13,2025-01-10,,Apollo,Hyderabad,TS
CL01760,P0716,2025-01-01,2024-12-20,Medical,Online,69524,62571,Pending,Medium,Yes,Yes,Yes,90,,56,2025-01-10,,City Garage,Hyderabad,TS
CL01761,P0142,2025-01-01,2024-12-20,Accident,Online,127519,114767,Pending,Medium,Yes,Yes,No,3,,14,2025-01-10,,City Garage,Hyderabad,TS
CL01762,P0541,2025-01-01,2024-12-20,Theft,Online,213386,192047,Approved,High,Yes,Yes,Yes,0,213386,57,2025-01-10,,Apollo,Hyderabad,TS
CL01763,P0659,2025-01-01,2024-12-20,Theft,Online,204607,184146,Rejected,Low,Yes,Yes,Yes,46,,24,2025-01-10,,City Garage,Hyderabad,TS
CL01764,P0187,2025-01-01,2024-12-20,Accident,Online,435489,391940,Rejected,High,Yes,Yes,No,94,,53,2025-01-10,,Apollo,Hyderabad,TS
CL01765,P0852,2025-01-01,2024-12-20,Fire,Online,465149,418634,Rejected,High,Yes,Yes,Yes,52,,29,2025-01-10,,City Garage,Hyderabad,TS
CL01766,P0296,2025-01-01,2024-12-20,Medical,Online,6058,5452, approved ,Low,Yes,Yes,Yes,54,,16,2025-01-10,,City Garage,Hyderabad,TS
CL01767,P0750,2025-01-01,2024-12-20,Medical,Online,49173,44255,Approved,Low,Yes,Yes,No,22,49173,35,2025-01-10,,City Garage,Hyderabad,TS
CL01768,P0379,2025-01-01,2024-12-20,Accident,Online,414053,372647,Approved,High,Yes,Yes,Yes,80,414053,17,2025-01-10,,Apollo,Hyderabad,TS
CL01769,P0344,2025-01-01,2024-12-20,Accident,Online,453067,407760, approved ,Low,Yes,Yes,Yes,63,,31,2025-01-10,,City Garage,Hyderabad,TS
CL01770,P0710,2025-01-01,2024-12-20,Fire,Online,277158,249442, approved ,Low,Yes,Yes,No,45,,19,2025-01-10,,City Garage,Hyderabad,TS
CL01771,P0675,2025-01-01,2024-12-20,Medical,Online,149239,134315,Approved,High,Yes,Yes,No,74,149239,21,2025-01-10,,Apollo,Hyderabad,TS
CL01772,P0516,2025-01-01,2024-12-20,Medical,Online,408543,367688,Rejected,High,Yes,Yes,Yes,46,,34,2025-01-10,,Apollo,Hyderabad,TS
CL01773,P0426,2025-01-01,2024-12-20,Theft,Online,237354,213618,Approved,Medium,Yes,Yes,Yes,93,237354,38,2025-01-10,,City Garage,Hyderabad,TS
CL01774,P0127,2025-01-01,2024-12-20,Accident,Online,112744,101469, approved ,Low,Yes,Yes,No,72,,15,2025-01-10,,Apollo,Hyderabad,TS
CL01775,P0527,2025-01-01,2024-12-20,Accident,Online,197944,178149,Rejected,Low,Yes,Yes,No,51,,56,2025-01-10,,Apollo,Hyderabad,TS
CL01776,P0889,2025-01-01,2024-12-20,Accident,Online,148261,133434, approved ,High,Yes,Yes,No,17,,6,2025-01-10,,City Garage,Hyderabad,TS
CL01777,P0844,2025-01-01,2024-12-20,Fire,Online,154479,139031,Pending,Low,Yes,Yes,Yes,22,,34,2025-01-10,,Apollo,Hyderabad,TS
CL01778,P0785,2025-01-01,2024-12-20,Accident,Online,113900,102510, approved ,Medium,Yes,Yes,Yes,12,,47,2025-01-10,,City Garage,Hyderabad,TS
CL01779,P0539,2025-01-01,2024-12-20,Medical,Online,470881,423792,Pending,Medium,Yes,Yes,No,0,,43,2025-01-10,,City Garage,Hyderabad,TS
CL01780,P0368,2025-01-01,2024-12-20,Theft,Online,72310,65079,Pending,Low,Yes,Yes,Yes,39,,38,2025-01-10,,Apollo,Hyderabad,TS
CL01781,P0265,2025-01-01,2024-12-20,Medical,Online,348016,313214, approved ,High,Yes,Yes,Yes,30,,10,2025-01-10,,City Garage,Hyderabad,TS
CL01782,P0598,2025-01-01,2024-12-20,Medical,Online,102867,92580,Pending,Low,Yes,Yes,Yes,20,,28,2025-01-10,,Apollo,Hyderabad,TS
CL01783,P0023,2025-01-01,2024-12-20,Theft,Online,138756,124880,Approved,High,Yes,Yes,No,89,138756,34,2025-01-10,,City Garage,Hyderabad,TS
CL01784,P0742,2025-01-01,2024-12-20,Accident,Online,442178,397960,Rejected,Low,Yes,Yes,Yes,1,,35,2025-01-10,,City Garage,Hyderabad,TS
CL01785,P0400,2025-01-01,2024-12-20,Fire,Online,386743,348068, approved ,Low,Yes,Yes,No,41,,13,2025-01-10,,City Garage,Hyderabad,TS
CL01786,P0722,2025-01-01,2024-12-20,Theft,Online,347107,312396,Pending,Medium,Yes,Yes,Yes,0,,32,2025-01-10,,City Garage,Hyderabad,TS
CL01787,P0446,2025-01-01,2024-12-20,Theft,Online,341973,307775,Pending,High,Yes,Yes,Yes,0,,40,2025-01-10,,City Garage,Hyderabad,TS
CL01788,P0526,2025-01-01,2024-12-20,Fire,Online,327760,294984,Rejected,Low,Yes,Yes,No,84,,7,2025-01-10,,City Garage,Hyderabad,TS
CL01789,P0900,2025-01-01,2024-12-20,Theft,Online,60619,54557, approved ,Low,Yes,Yes,No,59,,28,2025-01-10,,City Garage,Hyderabad,TS
CL01790,P0678,2025-01-01,2024-12-20,Accident,Online,155823,140240, approved ,Medium,Yes,Yes,Yes,3,,57,2025-01-10,,Apollo,Hyderabad,TS
CL01791,P0141,2025-01-01,2024-12-20,Accident,Online,285605,257044, approved ,Low,Yes,Yes,Yes,47,,27,2025-01-10,,City Garage,Hyderabad,TS
CL01792,P0249,2025-01-01,2024-12-20,Fire,Online,389042,350137, approved ,High,Yes,Yes,No,22,,6,2025-01-10,,City Garage,Hyderabad,TS
CL01793,P0439,2025-01-01,2024-12-20,Medical,Online,369689,332720,Approved,High,Yes,Yes,No,80,369689,56,2025-01-10,,City Garage,Hyderabad,TS
CL01794,P0349,2025-01-01,2024-12-20,Accident,Online,447659,402893,Pending,Medium,Yes,Yes,Yes,61,,48,2025-01-10,,Apollo,Hyderabad,TS
CL01795,P0617,2025-01-01,2024-12-20,Theft,Online,168590,151731,Pending,High,Yes,Yes,No,49,,35,2025-01-10,,City Garage,Hyderabad,TS
CL01796,P0278,2025-01-01,2024-12-20,Theft,Online,22928,20635,Rejected,Medium,Yes,Yes,Yes,90,,55,2025-01-10,,City Garage,Hyderabad,TS
CL01797,P0680,2025-01-01,2024-12-20,Accident,Online,373158,335842, approved ,High,Yes,Yes,Yes,72,,16,2025-01-10,,Apollo,Hyderabad,TS
CL01798,P0718,2025-01-01,2024-12-20,Fire,Online,94302,84871, approved ,High,Yes,Yes,Yes,4,,59,2025-01-10,,City Garage,Hyderabad,TS
CL01799,P0320,2025-01-01,2024-12-20,Accident,Online,381773,343595, approved ,High,Yes,Yes,No,83,,40,2025-01-10,,Apollo,Hyderabad,TS
CL01800,P0325,2025-01-01,2024-12-20,Fire,Online,21109,18998,Pending,High,Yes,Yes,No,79,,52,2025-01-10,,Apollo,Hyderabad,TS
CL01801,P0931,2025-01-01,2024-12-20,Theft,Online,402166,361949,Pending,Low,Yes,Yes,Yes,91,,17,2025-01-10,,City Garage,Hyderabad,TS
CL01802,P0860,2025-01-01,2024-12-20,Theft,Online,224259,201833, approved ,Low,Yes,Yes,Yes,85,,34,2025-01-10,,City Garage,Hyderabad,TS
CL01803,P0247,2025-01-01,2024-12-20,Fire,Online,108898,98008,Pending,Low,Yes,Yes,No,93,,39,2025-01-10,,City Garage,Hyderabad,TS
CL01804,P0922,2025-01-01,2024-12-20,Fire,Online,254325,228892,Approved,High,Yes,Yes,No,76,254325,10,2025-01-10,,Apollo,Hyderabad,TS
CL01805,P0934,2025-01-01,2024-12-20,Theft,Online,108293,97463,Pending,Medium,Yes,Yes,No,16,,31,2025-01-10,,City Garage,Hyderabad,TS
CL01806,P0951,2025-01-01,2024-12-20,Fire,Online,68100,61290, approved ,Low,Yes,Yes,Yes,64,,55,2025-01-10,,Apollo,Hyderabad,TS
CL01807,P0231,2025-01-01,2024-12-20,Fire,Online,475759,428183, approved ,Medium,Yes,Yes,Yes,4,,43,2025-01-10,,City Garage,Hyderabad,TS
CL01808,P0120,2025-01-01,2024-12-20,Theft,Online,201869,181682,Rejected,Medium,Yes,Yes,No,91,,20,2025-01-10,,City Garage,Hyderabad,TS
CL01809,P0999,2025-01-01,2024-12-20,Medical,Online,324568,292111,Pending,Medium,Yes,Yes,No,74,,60,2025-01-10,,Apollo,Hyderabad,TS
CL01810,P0849,2025-01-01,2024-12-20,Fire,Online,243335,219001,Pending,Low,Yes,Yes,Yes,8,,20,2025-01-10,,Apollo,Hyderabad,TS
CL01811,P0713,2025-01-01,2024-12-20,Theft,Online,333859,300473, approved ,Medium,Yes,Yes,No,77,,57,2025-01-10,,City Garage,Hyderabad,TS
CL01812,P0079,2025-01-01,2024-12-20,Theft,Online,162037,145833,Pending,Medium,Yes,Yes,No,42,,1,2025-01-10,,Apollo,Hyderabad,TS
CL01813,P0904,2025-01-01,2024-12-20,Medical,Online,168377,151539,Pending,High,Yes,Yes,No,80,,31,2025-01-10,,City Garage,Hyderabad,TS
CL01814,P0597,2025-01-01,2024-12-20,Fire,Online,254276,228848, approved ,High,Yes,Yes,Yes,93,,51,2025-01-10,,City Garage,Hyderabad,TS
CL01815,P0139,2025-01-01,2024-12-20,Theft,Online,301987,271788,Rejected,Low,Yes,Yes,No,84,,42,2025-01-10,,Apollo,Hyderabad,TS
CL01816,P0843,2025-01-01,2024-12-20,Medical,Online,128006,115205, approved ,High,Yes,Yes,Yes,20,,11,2025-01-10,,Apollo,Hyderabad,TS
CL01817,P0225,2025-01-01,2024-12-20,Fire,Online,336104,302493,Rejected,Low,Yes,Yes,No,49,,51,2025-01-10,,Apollo,Hyderabad,TS
CL01818,P0540,2025-01-01,2024-12-20,Theft,Online,450627,405564,Approved,Medium,Yes,Yes,No,72,450627,17,2025-01-10,,Apollo,Hyderabad,TS
CL01819,P0099,2025-01-01,2024-12-20,Theft,Online,328834,295950,Approved,Medium,Yes,Yes,Yes,81,328834,12,2025-01-10,,Apollo,Hyderabad,TS
CL01820,P0680,2025-01-01,2024-12-20,Accident,Online,424581,382122,Rejected,High,Yes,Yes,Yes,15,,55,2025-01-10,,City Garage,Hyderabad,TS
CL01821,P0711,2025-01-01,2024-12-20,Fire,Online,483312,434980, approved ,Medium,Yes,Yes,No,75,,29,2025-01-10,,City Garage,Hyderabad,TS
CL01822,P0051,2025-01-01,2024-12-20,Medical,Online,477028,429325,Approved,Low,Yes,Yes,Yes,7,477028,39,2025-01-10,,Apollo,Hyderabad,TS
CL01823,P0835,2025-01-01,2024-12-20,Medical,Online,447483,402734,Approved,Medium,Yes,Yes,Yes,81,447483,17,2025-01-10,,City Garage,Hyderabad,TS
CL01824,P0381,2025-01-01,2024-12-20,Theft,Online,129401,116460,Approved,Low,Yes,Yes,Yes,41,129401,45,2025-01-10,,City Garage,Hyderabad,TS
CL01825,P0019,2025-01-01,2024-12-20,Accident,Online,493945,444550,Pending,Low,Yes,Yes,Yes,11,,16,2025-01-10,,City Garage,Hyderabad,TS
CL01826,P0709,2025-01-01,2024-12-20,Accident,Online,110615,99553,Approved,High,Yes,Yes,No,1,110615,56,2025-01-10,,City Garage,Hyderabad,TS
CL01827,P0297,2025-01-01,2024-12-20,Medical,Online,86199,77579,Pending,Medium,Yes,Yes,Yes,66,,32,2025-01-10,,Apollo,Hyderabad,TS
CL01828,P0249,2025-01-01,2024-12-20,Medical,Online,241745,217570, approved ,Low,Yes,Yes,Yes,30,,39,2025-01-10,,Apollo,Hyderabad,TS
CL01829,P0478,2025-01-01,2024-12-20,Fire,Online,229162,206245,Approved,Low,Yes,Yes,No,16,229162,27,2025-01-10,,City Garage,Hyderabad,TS
CL01830,P0180,2025-01-01,2024-12-20,Medical,Online,307812,277030, approved ,High,Yes,Yes,Yes,4,,32,2025-01-10,,Apollo,Hyderabad,TS
CL01831,P0954,2025-01-01,2024-12-20,Theft,Online,429690,386721, approved ,Medium,Yes,Yes,Yes,62,,59,2025-01-10,,Apollo,Hyderabad,TS
CL01832,P0667,2025-01-01,2024-12-20,Medical,Online,103428,93085,Approved,Medium,Yes,Yes,No,7,103428,9,2025-01-10,,City Garage,Hyderabad,TS
CL01833,P0764,2025-01-01,2024-12-20,Medical,Online,136216,122594,Approved,Low,Yes,Yes,Yes,61,136216,7,2025-01-10,,Apollo,Hyderabad,TS
CL01834,P0241,2025-01-01,2024-12-20,Theft,Online,271401,244260,Rejected,High,Yes,Yes,Yes,98,,26,2025-01-10,,City Garage,Hyderabad,TS
CL01835,P0152,2025-01-01,2024-12-20,Theft,Online,49527,44574, approved ,Medium,Yes,Yes,No,26,,38,2025-01-10,,City Garage,Hyderabad,TS
CL01836,P0545,2025-01-01,2024-12-20,Medical,Online,388349,349514,Approved,Low,Yes,Yes,Yes,57,388349,21,2025-01-10,,City Garage,Hyderabad,TS
CL01837,P0740,2025-01-01,2024-12-20,Medical,Online,91251,82125, approved ,High,Yes,Yes,No,70,,5,2025-01-10,,City Garage,Hyderabad,TS
CL01838,P0637,2025-01-01,2024-12-20,Fire,Online,154446,139001,Approved,Medium,Yes,Yes,No,17,154446,60,2025-01-10,,City Garage,Hyderabad,TS
CL01839,P0182,2025-01-01,2024-12-20,Fire,Online,304779,274301,Approved,High,Yes,Yes,Yes,94,304779,8,2025-01-10,,City Garage,Hyderabad,TS
CL01840,P0741,2025-01-01,2024-12-20,Theft,Online,232192,208972,Rejected,Medium,Yes,Yes,Yes,89,,35,2025-01-10,,City Garage,Hyderabad,TS
CL01841,P0154,2025-01-01,2024-12-20,Accident,Online,134928,121435,Approved,Low,Yes,Yes,No,97,134928,22,2025-01-10,,City Garage,Hyderabad,TS
CL01842,P0069,2025-01-01,2024-12-20,Theft,Online,260244,234219, approved ,High,Yes,Yes,No,41,,21,2025-01-10,,City Garage,Hyderabad,TS
CL01843,P0302,2025-01-01,2024-12-20,Accident,Online,488085,439276,Approved,Medium,Yes,Yes,Yes,71,488085,28,2025-01-10,,City Garage,Hyderabad,TS
CL01844,P0572,2025-01-01,2024-12-20,Fire,Online,170417,153375,Approved,Low,Yes,Yes,No,14,170417,36,2025-01-10,,Apollo,Hyderabad,TS
CL01845,P0345,2025-01-01,2024-12-20,Theft,Online,267379,240641, approved ,Low,Yes,Yes,No,36,,12,2025-01-10,,Apollo,Hyderabad,TS
CL01846,P0416,2025-01-01,2024-12-20,Accident,Online,320742,288667, approved ,Low,Yes,Yes,No,69,,59,2025-01-10,,Apollo,Hyderabad,TS
CL01847,P0161,2025-01-01,2024-12-20,Theft,Online,45573,41015,Rejected,High,Yes,Yes,No,86,,7,2025-01-10,,Apollo,Hyderabad,TS
CL01848,P0885,2025-01-01,2024-12-20,Theft,Online,488457,439611,Pending,Medium,Yes,Yes,No,58,,11,2025-01-10,,Apollo,Hyderabad,TS
CL01849,P0428,2025-01-01,2024-12-20,Theft,Online,490569,441512, approved ,Medium,Yes,Yes,No,99,,55,2025-01-10,,Apollo,Hyderabad,TS
CL01850,P0487,2025-01-01,2024-12-20,Accident,Online,48081,43272,Approved,Medium,Yes,Yes,No,88,48081,29,2025-01-10,,City Garage,Hyderabad,TS
CL01851,P0508,2025-01-01,2024-12-20,Fire,Online,244413,219971,Approved,High,Yes,Yes,No,97,244413,57,2025-01-10,,City Garage,Hyderabad,TS
CL01852,P0993,2025-01-01,2024-12-20,Medical,Online,68577,61719,Approved,Low,Yes,Yes,Yes,74,68577,18,2025-01-10,,Apollo,Hyderabad,TS
CL01853,P0765,2025-01-01,2024-12-20,Medical,Online,89571,80613,Approved,High,Yes,Yes,Yes,66,89571,35,2025-01-10,,City Garage,Hyderabad,TS
CL01854,P0314,2025-01-01,2024-12-20,Fire,Online,358776,322898,Approved,Low,Yes,Yes,No,55,358776,51,2025-01-10,,City Garage,Hyderabad,TS
CL01855,P0115,2025-01-01,2024-12-20,Medical,Online,56615,50953,Pending,Medium,Yes,Yes,No,4,,26,2025-01-10,,Apollo,Hyderabad,TS
CL01856,P0169,2025-01-01,2024-12-20,Theft,Online,263432,237088, approved ,Low,Yes,Yes,No,27,,35,2025-01-10,,City Garage,Hyderabad,TS
CL01857,P0956,2025-01-01,2024-12-20,Fire,Online,136693,123023,Approved,High,Yes,Yes,No,15,136693,3,2025-01-10,,City Garage,Hyderabad,TS
CL01858,P0028,2025-01-01,2024-12-20,Accident,Online,242896,218606,Approved,Medium,Yes,Yes,Yes,78,242896,46,2025-01-10,,City Garage,Hyderabad,TS
CL01859,P0571,2025-01-01,2024-12-20,Accident,Online,142136,127922,Rejected,Low,Yes,Yes,No,39,,1,2025-01-10,,Apollo,Hyderabad,TS
CL01860,P0378,2025-01-01,2024-12-20,Theft,Online,218657,196791, approved ,Medium,Yes,Yes,No,24,,31,2025-01-10,,Apollo,Hyderabad,TS
CL01861,P0445,2025-01-01,2024-12-20,Fire,Online,173669,156302, approved ,Low,Yes,Yes,Yes,97,,45,2025-01-10,,Apollo,Hyderabad,TS
CL01862,P0813,2025-01-01,2024-12-20,Medical,Online,259947,233952, approved ,Medium,Yes,Yes,No,66,,28,2025-01-10,,City Garage,Hyderabad,TS
CL01863,P0389,2025-01-01,2024-12-20,Accident,Online,90624,81561,Approved,Medium,Yes,Yes,No,41,90624,50,2025-01-10,,Apollo,Hyderabad,TS
CL01864,P0900,2025-01-01,2024-12-20,Theft,Online,45760,41184,Approved,High,Yes,Yes,Yes,69,45760,1,2025-01-10,,City Garage,Hyderabad,TS
CL01865,P0075,2025-01-01,2024-12-20,Theft,Online,205845,185260, approved ,Medium,Yes,Yes,No,63,,2,2025-01-10,,City Garage,Hyderabad,TS
CL01866,P0572,2025-01-01,2024-12-20,Fire,Online,199462,179515,Approved,Medium,Yes,Yes,Yes,12,199462,13,2025-01-10,,Apollo,Hyderabad,TS
CL01867,P0827,2025-01-01,2024-12-20,Accident,Online,69922,62929,Approved,Low,Yes,Yes,Yes,75,69922,28,2025-01-10,,City Garage,Hyderabad,TS
CL01868,P0454,2025-01-01,2024-12-20,Theft,Online,461424,415281,Pending,Low,Yes,Yes,No,7,,5,2025-01-10,,City Garage,Hyderabad,TS
CL01869,P0935,2025-01-01,2024-12-20,Theft,Online,28300,25470,Rejected,Low,Yes,Yes,Yes,73,,13,2025-01-10,,City Garage,Hyderabad,TS
CL01870,P0390,2025-01-01,2024-12-20,Fire,Online,298632,268768, approved ,High,Yes,Yes,Yes,35,,19,2025-01-10,,Apollo,Hyderabad,TS
CL01871,P0289,2025-01-01,2024-12-20,Medical,Online,441391,397251,Pending,High,Yes,Yes,Yes,12,,54,2025-01-10,,City Garage,Hyderabad,TS
CL01872,P0816,2025-01-01,2024-12-20,Medical,Online,46986,42287, approved ,Medium,Yes,Yes,No,78,,40,2025-01-10,,City Garage,Hyderabad,TS
CL01873,P0498,2025-01-01,2024-12-20,Fire,Online,407272,366544,Approved,Low,Yes,Yes,Yes,62,407272,21,2025-01-10,,City Garage,Hyderabad,TS
CL01874,P0211,2025-01-01,2024-12-20,Accident,Online,118687,106818,Rejected,Medium,Yes,Yes,Yes,13,,37,2025-01-10,,City Garage,Hyderabad,TS
CL01875,P0434,2025-01-01,2024-12-20,Accident,Online,332432,299188,Pending,Low,Yes,Yes,Yes,28,,9,2025-01-10,,Apollo,Hyderabad,TS
CL01876,P0127,2025-01-01,2024-12-20,Medical,Online,45386,40847, approved ,High,Yes,Yes,No,55,,39,2025-01-10,,City Garage,Hyderabad,TS
CL01877,P0741,2025-01-01,2024-12-20,Fire,Online,243761,219384, approved ,Medium,Yes,Yes,No,50,,47,2025-01-10,,City Garage,Hyderabad,TS
CL01878,P0506,2025-01-01,2024-12-20,Medical,Online,262305,236074,Approved,Low,Yes,Yes,No,90,262305,59,2025-01-10,,City Garage,Hyderabad,TS
CL01879,P0291,2025-01-01,2024-12-20,Fire,Online,288695,259825, approved ,High,Yes,Yes,No,80,,17,2025-01-10,,City Garage,Hyderabad,TS
CL01880,P0347,2025-01-01,2024-12-20,Accident,Online,324390,291951,Approved,Low,Yes,Yes,Yes,97,324390,57,2025-01-10,,City Garage,Hyderabad,TS
CL01881,P0726,2025-01-01,2024-12-20,Medical,Online,453136,407822,Approved,Low,Yes,Yes,No,17,453136,11,2025-01-10,,Apollo,Hyderabad,TS
CL01882,P0412,2025-01-01,2024-12-20,Fire,Online,39908,35917,Pending,High,Yes,Yes,Yes,84,,40,2025-01-10,,Apollo,Hyderabad,TS
CL01883,P0842,2025-01-01,2024-12-20,Medical,Online,438925,395032,Approved,High,Yes,Yes,Yes,3,438925,49,2025-01-10,,City Garage,Hyderabad,TS
CL01884,P0871,2025-01-01,2024-12-20,Medical,Online,443182,398863, approved ,High,Yes,Yes,No,72,,49,2025-01-10,,City Garage,Hyderabad,TS
CL01885,P0693,2025-01-01,2024-12-20,Medical,Online,171214,154092, approved ,Low,Yes,Yes,No,85,,11,2025-01-10,,City Garage,Hyderabad,TS
CL01886,P0688,2025-01-01,2024-12-20,Accident,Online,370896,333806, approved ,Medium,Yes,Yes,No,58,,11,2025-01-10,,City Garage,Hyderabad,TS
CL01887,P0537,2025-01-01,2024-12-20,Theft,Online,291138,262024,Approved,Low,Yes,Yes,No,54,291138,23,2025-01-10,,Apollo,Hyderabad,TS
CL01888,P0032,2025-01-01,2024-12-20,Theft,Online,143644,129279, approved ,Medium,Yes,Yes,Yes,56,,42,2025-01-10,,City Garage,Hyderabad,TS
CL01889,P0444,2025-01-01,2024-12-20,Accident,Online,173436,156092,Pending,Medium,Yes,Yes,No,87,,14,2025-01-10,,City Garage,Hyderabad,TS
CL01890,P0944,2025-01-01,2024-12-20,Medical,Online,145861,131274, approved ,High,Yes,Yes,Yes,88,,38,2025-01-10,,City Garage,Hyderabad,TS
CL01891,P0503,2025-01-01,2024-12-20,Medical,Online,172181,154962, approved ,Medium,Yes,Yes,No,45,,54,2025-01-10,,Apollo,Hyderabad,TS
CL01892,P0387,2025-01-01,2024-12-20,Medical,Online,256061,230454,Pending,Medium,Yes,Yes,No,100,,14,2025-01-10,,City Garage,Hyderabad,TS
CL01893,P0564,2025-01-01,2024-12-20,Fire,Online,319327,287394,Approved,Low,Yes,Yes,Yes,66,319327,24,2025-01-10,,Apollo,Hyderabad,TS
CL01894,P0786,2025-01-01,2024-12-20,Fire,Online,342862,308575,Rejected,Low,Yes,Yes,No,76,,35,2025-01-10,,Apollo,Hyderabad,TS
CL01895,P0512,2025-01-01,2024-12-20,Accident,Online,269938,242944,Approved,Medium,Yes,Yes,No,93,269938,18,2025-01-10,,Apollo,Hyderabad,TS
CL01896,P0837,2025-01-01,2024-12-20,Medical,Online,33533,30179, approved ,High,Yes,Yes,No,47,,34,2025-01-10,,City Garage,Hyderabad,TS
CL01897,P0792,2025-01-01,2024-12-20,Accident,Online,477898,430108, approved ,High,Yes,Yes,No,77,,57,2025-01-10,,City Garage,Hyderabad,TS
CL01898,P0852,2025-01-01,2024-12-20,Accident,Online,129998,116998,Pending,Medium,Yes,Yes,Yes,49,,41,2025-01-10,,Apollo,Hyderabad,TS
CL01899,P0733,2025-01-01,2024-12-20,Accident,Online,434132,390718,Approved,High,Yes,Yes,Yes,2,434132,54,2025-01-10,,City Garage,Hyderabad,TS
CL01900,P0138,2025-01-01,2024-12-20,Accident,Online,149815,134833, approved ,Low,Yes,Yes,Yes,24,,27,2025-01-10,,City Garage,Hyderabad,TS
CL01901,P0684,2025-01-01,2024-12-20,Medical,Online,152371,137133,Rejected,Low,Yes,Yes,No,76,,17,2025-01-10,,City Garage,Hyderabad,TS
CL01902,P0929,2025-01-01,2024-12-20,Theft,Online,19018,17116, approved ,High,Yes,Yes,Yes,83,,53,2025-01-10,,Apollo,Hyderabad,TS
CL01903,P0499,2025-01-01,2024-12-20,Medical,Online,254808,229327,Pending,High,Yes,Yes,Yes,77,,18,2025-01-10,,Apollo,Hyderabad,TS
CL01904,P0484,2025-01-01,2024-12-20,Theft,Online,484537,436083,Approved,High,Yes,Yes,No,51,484537,51,2025-01-10,,Apollo,Hyderabad,TS
CL01905,P0932,2025-01-01,2024-12-20,Theft,Online,309891,278901,Approved,High,Yes,Yes,No,92,309891,10,2025-01-10,,City Garage,Hyderabad,TS
CL01906,P0624,2025-01-01,2024-12-20,Fire,Online,405911,365319,Rejected,High,Yes,Yes,Yes,9,,41,2025-01-10,,Apollo,Hyderabad,TS
CL01907,P0328,2025-01-01,2024-12-20,Theft,Online,468263,421436,Approved,Low,Yes,Yes,No,29,468263,15,2025-01-10,,Apollo,Hyderabad,TS
CL01908,P0102,2025-01-01,2024-12-20,Theft,Online,43290,38961,Rejected,High,Yes,Yes,No,29,,11,2025-01-10,,City Garage,Hyderabad,TS
CL01909,P0462,2025-01-01,2024-12-20,Theft,Online,63384,57045, approved ,Low,Yes,Yes,No,59,,57,2025-01-10,,Apollo,Hyderabad,TS
CL01910,P0049,2025-01-01,2024-12-20,Fire,Online,200612,180550,Approved,Medium,Yes,Yes,Yes,71,200612,3,2025-01-10,,Apollo,Hyderabad,TS
CL01911,P0432,2025-01-01,2024-12-20,Medical,Online,452778,407500,Rejected,Low,Yes,Yes,Yes,94,,35,2025-01-10,,Apollo,Hyderabad,TS
CL01912,P0282,2025-01-01,2024-12-20,Fire,Online,192597,173337,Pending,Low,Yes,Yes,Yes,38,,9,2025-01-10,,Apollo,Hyderabad,TS
CL01913,P0146,2025-01-01,2024-12-20,Fire,Online,49780,44802,Rejected,High,Yes,Yes,Yes,20,,57,2025-01-10,,Apollo,Hyderabad,TS
CL01914,P0528,2025-01-01,2024-12-20,Accident,Online,101898,91708,Pending,Low,Yes,Yes,Yes,67,,55,2025-01-10,,City Garage,Hyderabad,TS
CL01915,P0766,2025-01-01,2024-12-20,Accident,Online,215123,193610,Approved,Medium,Yes,Yes,No,90,215123,14,2025-01-10,,City Garage,Hyderabad,TS
CL01916,P0950,2025-01-01,2024-12-20,Medical,Online,402204,361983,Pending,Low,Yes,Yes,No,26,,20,2025-01-10,,City Garage,Hyderabad,TS
CL01917,P0570,2025-01-01,2024-12-20,Medical,Online,176536,158882, approved ,High,Yes,Yes,No,71,,3,2025-01-10,,Apollo,Hyderabad,TS
CL01918,P0822,2025-01-01,2024-12-20,Fire,Online,245951,221355, approved ,High,Yes,Yes,Yes,29,,12,2025-01-10,,Apollo,Hyderabad,TS
CL01919,P0770,2025-01-01,2024-12-20,Accident,Online,394756,355280, approved ,Medium,Yes,Yes,No,75,,16,2025-01-10,,City Garage,Hyderabad,TS
CL01920,P0865,2025-01-01,2024-12-20,Medical,Online,96745,87070,Rejected,High,Yes,Yes,No,98,,52,2025-01-10,,Apollo,Hyderabad,TS
CL01921,P0894,2025-01-01,2024-12-20,Fire,Online,354382,318943, approved ,Low,Yes,Yes,No,27,,48,2025-01-10,,City Garage,Hyderabad,TS
CL01922,P0308,2025-01-01,2024-12-20,Fire,Online,94453,85007, approved ,Low,Yes,Yes,Yes,69,,45,2025-01-10,,Apollo,Hyderabad,TS
CL01923,P0284,2025-01-01,2024-12-20,Medical,Online,179532,161578,Rejected,Medium,Yes,Yes,No,56,,5,2025-01-10,,City Garage,Hyderabad,TS
CL01924,P0013,2025-01-01,2024-12-20,Accident,Online,199655,179689,Rejected,Medium,Yes,Yes,No,81,,56,2025-01-10,,Apollo,Hyderabad,TS
CL01925,P0613,2025-01-01,2024-12-20,Accident,Online,230341,207306, approved ,Low,Yes,Yes,No,10,,39,2025-01-10,,City Garage,Hyderabad,TS
CL01926,P0593,2025-01-01,2024-12-20,Theft,Online,263769,237392,Approved,Medium,Yes,Yes,No,17,263769,10,2025-01-10,,City Garage,Hyderabad,TS
CL01927,P0948,2025-01-01,2024-12-20,Medical,Online,285605,257044, approved ,Medium,Yes,Yes,Yes,5,,35,2025-01-10,,City Garage,Hyderabad,TS
CL01928,P0830,2025-01-01,2024-12-20,Fire,Online,286598,257938,Approved,Medium,Yes,Yes,No,29,286598,48,2025-01-10,,Apollo,Hyderabad,TS
CL01929,P0916,2025-01-01,2024-12-20,Fire,Online,139969,125972, approved ,Low,Yes,Yes,No,80,,40,2025-01-10,,Apollo,Hyderabad,TS
CL01930,P0942,2025-01-01,2024-12-20,Theft,Online,178272,160444, approved ,Low,Yes,Yes,No,71,,18,2025-01-10,,Apollo,Hyderabad,TS
CL01931,P0189,2025-01-01,2024-12-20,Theft,Online,354419,318977,Pending,High,Yes,Yes,Yes,8,,39,2025-01-10,,Apollo,Hyderabad,TS
CL01932,P0143,2025-01-01,2024-12-20,Medical,Online,196336,176702, approved ,Medium,Yes,Yes,Yes,89,,3,2025-01-10,,Apollo,Hyderabad,TS
CL01933,P0349,2025-01-01,2024-12-20,Medical,Online,446141,401526, approved ,Low,Yes,Yes,No,15,,32,2025-01-10,,City Garage,Hyderabad,TS
CL01934,P0499,2025-01-01,2024-12-20,Theft,Online,86231,77607,Rejected,Medium,Yes,Yes,No,82,,43,2025-01-10,,City Garage,Hyderabad,TS
CL01935,P0741,2025-01-01,2024-12-20,Theft,Online,445941,401346, approved ,Low,Yes,Yes,Yes,6,,13,2025-01-10,,City Garage,Hyderabad,TS
CL01936,P0616,2025-01-01,2024-12-20,Theft,Online,234865,211378, approved ,Low,Yes,Yes,Yes,70,,14,2025-01-10,,City Garage,Hyderabad,TS
CL01937,P0559,2025-01-01,2024-12-20,Medical,Online,219534,197580, approved ,High,Yes,Yes,No,83,,28,2025-01-10,,City Garage,Hyderabad,TS
CL01938,P0547,2025-01-01,2024-12-20,Medical,Online,408172,367354, approved ,Medium,Yes,Yes,No,52,,3,2025-01-10,,Apollo,Hyderabad,TS
CL01939,P0070,2025-01-01,2024-12-20,Fire,Online,27198,24478,Approved,High,Yes,Yes,No,88,27198,8,2025-01-10,,Apollo,Hyderabad,TS
CL01940,P0810,2025-01-01,2024-12-20,Accident,Online,226379,203741,Rejected,Low,Yes,Yes,No,91,,7,2025-01-10,,Apollo,Hyderabad,TS
CL01941,P0323,2025-01-01,2024-12-20,Fire,Online,363849,327464, approved ,Medium,Yes,Yes,Yes,61,,47,2025-01-10,,Apollo,Hyderabad,TS
CL01942,P0203,2025-01-01,2024-12-20,Medical,Online,193424,174081,Approved,High,Yes,Yes,Yes,53,193424,36,2025-01-10,,Apollo,Hyderabad,TS
CL01943,P0983,2025-01-01,2024-12-20,Medical,Online,342457,308211, approved ,Medium,Yes,Yes,Yes,18,,46,2025-01-10,,City Garage,Hyderabad,TS
CL01944,P0613,2025-01-01,2024-12-20,Accident,Online,7536,6782,Approved,High,Yes,Yes,Yes,41,7536,47,2025-01-10,,Apollo,Hyderabad,TS
CL01945,P0340,2025-01-01,2024-12-20,Theft,Online,36730,33057,Rejected,Low,Yes,Yes,No,39,,49,2025-01-10,,Apollo,Hyderabad,TS
CL01946,P0369,2025-01-01,2024-12-20,Fire,Online,314769,283292,Rejected,High,Yes,Yes,Yes,71,,12,2025-01-10,,City Garage,Hyderabad,TS
CL01947,P0481,2025-01-01,2024-12-20,Medical,Online,408709,367838,Rejected,Low,Yes,Yes,No,27,,56,2025-01-10,,City Garage,Hyderabad,TS
CL01948,P0712,2025-01-01,2024-12-20,Medical,Online,51124,46011, approved ,High,Yes,Yes,No,57,,28,2025-01-10,,City Garage,Hyderabad,TS
CL01949,P0016,2025-01-01,2024-12-20,Theft,Online,188982,170083, approved ,Low,Yes,Yes,Yes,21,,55,2025-01-10,,Apollo,Hyderabad,TS
CL01950,P0204,2025-01-01,2024-12-20,Accident,Online,487209,438488, approved ,Low,Yes,Yes,No,73,,50,2025-01-10,,Apollo,Hyderabad,TS
CL01951,P0295,2025-01-01,2024-12-20,Theft,Online,254897,229407, approved ,Low,Yes,Yes,No,32,,48,2025-01-10,,City Garage,Hyderabad,TS
CL01952,P0144,2025-01-01,2024-12-20,Fire,Online,412265,371038,Rejected,Low,Yes,Yes,Yes,53,,60,2025-01-10,,Apollo,Hyderabad,TS
CL01953,P0727,2025-01-01,2024-12-20,Accident,Online,297079,267371, approved ,High,Yes,Yes,Yes,36,,23,2025-01-10,,City Garage,Hyderabad,TS
CL01954,P0762,2025-01-01,2024-12-20,Accident,Online,395678,356110,Pending,High,Yes,Yes,No,51,,50,2025-01-10,,City Garage,Hyderabad,TS
CL01955,P0361,2025-01-01,2024-12-20,Accident,Online,386561,347904,Approved,Medium,Yes,Yes,No,100,386561,29,2025-01-10,,Apollo,Hyderabad,TS
CL01956,P0146,2025-01-01,2024-12-20,Theft,Online,436171,392553,Approved,Low,Yes,Yes,No,46,436171,12,2025-01-10,,City Garage,Hyderabad,TS
CL01957,P0542,2025-01-01,2024-12-20,Theft,Online,391283,352154,Approved,High,Yes,Yes,No,40,391283,41,2025-01-10,,City Garage,Hyderabad,TS
CL01958,P0886,2025-01-01,2024-12-20,Medical,Online,175077,157569,Approved,Low,Yes,Yes,No,37,175077,58,2025-01-10,,Apollo,Hyderabad,TS
CL01959,P0248,2025-01-01,2024-12-20,Fire,Online,87076,78368, approved ,High,Yes,Yes,Yes,79,,19,2025-01-10,,City Garage,Hyderabad,TS
CL01960,P0213,2025-01-01,2024-12-20,Accident,Online,337807,304026,Rejected,Medium,Yes,Yes,No,86,,37,2025-01-10,,Apollo,Hyderabad,TS
CL01961,P0364,2025-01-01,2024-12-20,Theft,Online,386722,348049,Pending,Medium,Yes,Yes,No,66,,2,2025-01-10,,City Garage,Hyderabad,TS
CL01962,P0151,2025-01-01,2024-12-20,Fire,Online,270985,243886,Pending,Low,Yes,Yes,No,37,,51,2025-01-10,,City Garage,Hyderabad,TS
CL01963,P0389,2025-01-01,2024-12-20,Accident,Online,250742,225667, approved ,Medium,Yes,Yes,No,65,,4,2025-01-10,,City Garage,Hyderabad,TS
CL01964,P0976,2025-01-01,2024-12-20,Accident,Online,474104,426693, approved ,Low,Yes,Yes,No,19,,10,2025-01-10,,Apollo,Hyderabad,TS
CL01965,P0885,2025-01-01,2024-12-20,Theft,Online,411653,370487,Pending,Medium,Yes,Yes,Yes,42,,16,2025-01-10,,Apollo,Hyderabad,TS
CL01966,P0468,2025-01-01,2024-12-20,Fire,Online,225143,202628, approved ,Low,Yes,Yes,No,91,,54,2025-01-10,,City Garage,Hyderabad,TS
CL01967,P0088,2025-01-01,2024-12-20,Accident,Online,485411,436869,Rejected,Low,Yes,Yes,Yes,99,,30,2025-01-10,,Apollo,Hyderabad,TS
CL01968,P0608,2025-01-01,2024-12-20,Theft,Online,326611,293949, approved ,Medium,Yes,Yes,No,39,,59,2025-01-10,,City Garage,Hyderabad,TS
CL01969,P0014,2025-01-01,2024-12-20,Fire,Online,76590,68931,Pending,Low,Yes,Yes,Yes,81,,18,2025-01-10,,City Garage,Hyderabad,TS
CL01970,P0342,2025-01-01,2024-12-20,Theft,Online,438115,394303, approved ,Medium,Yes,Yes,Yes,5,,20,2025-01-10,,City Garage,Hyderabad,TS
CL01971,P0208,2025-01-01,2024-12-20,Accident,Online,271191,244071,Rejected,High,Yes,Yes,Yes,95,,3,2025-01-10,,Apollo,Hyderabad,TS
CL01972,P0818,2025-01-01,2024-12-20,Theft,Online,282974,254676, approved ,High,Yes,Yes,No,36,,55,2025-01-10,,City Garage,Hyderabad,TS
CL01973,P0007,2025-01-01,2024-12-20,Medical,Online,145894,131304, approved ,High,Yes,Yes,Yes,72,,8,2025-01-10,,Apollo,Hyderabad,TS
CL01974,P0059,2025-01-01,2024-12-20,Theft,Online,342714,308442,Pending,High,Yes,Yes,No,5,,37,2025-01-10,,Apollo,Hyderabad,TS
CL01975,P0845,2025-01-01,2024-12-20,Accident,Online,167523,150770,Rejected,Low,Yes,Yes,Yes,63,,12,2025-01-10,,City Garage,Hyderabad,TS
CL01976,P0635,2025-01-01,2024-12-20,Theft,Online,324553,292097, approved ,Medium,Yes,Yes,No,48,,32,2025-01-10,,City Garage,Hyderabad,TS
CL01977,P0167,2025-01-01,2024-12-20,Fire,Online,221873,199685,Rejected,Low,Yes,Yes,No,36,,44,2025-01-10,,City Garage,Hyderabad,TS
CL01978,P0821,2025-01-01,2024-12-20,Medical,Online,296086,266477,Approved,High,Yes,Yes,Yes,24,296086,29,2025-01-10,,City Garage,Hyderabad,TS
CL01979,P0350,2025-01-01,2024-12-20,Medical,Online,213408,192067,Rejected,High,Yes,Yes,Yes,27,,41,2025-01-10,,City Garage,Hyderabad,TS
CL01980,P0085,2025-01-01,2024-12-20,Fire,Online,82823,74540, approved ,High,Yes,Yes,Yes,5,,44,2025-01-10,,City Garage,Hyderabad,TS
CL01981,P0260,2025-01-01,2024-12-20,Medical,Online,354937,319443,Pending,Medium,Yes,Yes,No,29,,42,2025-01-10,,Apollo,Hyderabad,TS
CL01982,P0352,2025-01-01,2024-12-20,Theft,Online,411724,370551,Rejected,Medium,Yes,Yes,No,98,,52,2025-01-10,,Apollo,Hyderabad,TS
CL01983,P0273,2025-01-01,2024-12-20,Accident,Online,458674,412806,Pending,Medium,Yes,Yes,No,96,,20,2025-01-10,,Apollo,Hyderabad,TS
CL01984,P0558,2025-01-01,2024-12-20,Medical,Online,494778,445300, approved ,Low,Yes,Yes,No,9,,15,2025-01-10,,City Garage,Hyderabad,TS
CL01985,P0049,2025-01-01,2024-12-20,Fire,Online,250701,225630,Rejected,High,Yes,Yes,Yes,10,,6,2025-01-10,,Apollo,Hyderabad,TS
CL01986,P0049,2025-01-01,2024-12-20,Medical,Online,175346,157811,Pending,High,Yes,Yes,No,74,,28,2025-01-10,,City Garage,Hyderabad,TS
CL01987,P0721,2025-01-01,2024-12-20,Theft,Online,84788,76309,Approved,Medium,Yes,Yes,Yes,62,84788,47,2025-01-10,,City Garage,Hyderabad,TS
CL01988,P0140,2025-01-01,2024-12-20,Theft,Online,218660,196794,Pending,Low,Yes,Yes,No,4,,9,2025-01-10,,Apollo,Hyderabad,TS
CL01989,P0990,2025-01-01,2024-12-20,Theft,Online,404210,363789,Rejected,High,Yes,Yes,No,43,,20,2025-01-10,,Apollo,Hyderabad,TS
CL01990,P0614,2025-01-01,2024-12-20,Fire,Online,230252,207226,Rejected,Medium,Yes,Yes,No,26,,8,2025-01-10,,Apollo,Hyderabad,TS
CL01991,P0880,2025-01-01,2024-12-20,Medical,Online,120217,108195, approved ,Medium,Yes,Yes,Yes,71,,35,2025-01-10,,City Garage,Hyderabad,TS
CL01992,P0660,2025-01-01,2024-12-20,Accident,Online,76014,68412, approved ,High,Yes,Yes,Yes,20,,50,2025-01-10,,City Garage,Hyderabad,TS
CL01993,P0901,2025-01-01,2024-12-20,Fire,Online,246498,221848, approved ,Medium,Yes,Yes,Yes,68,,47,2025-01-10,,City Garage,Hyderabad,TS
CL01994,P0313,2025-01-01,2024-12-20,Theft,Online,307482,276733,Pending,Low,Yes,Yes,No,51,,60,2025-01-10,,Apollo,Hyderabad,TS
CL01995,P0504,2025-01-01,2024-12-20,Fire,Online,416859,375173, approved ,High,Yes,Yes,Yes,36,,29,2025-01-10,,Apollo,Hyderabad,TS
CL01996,P0206,2025-01-01,2024-12-20,Fire,Online,430292,387262,Rejected,Low,Yes,Yes,Yes,72,,14,2025-01-10,,Apollo,Hyderabad,TS
CL01997,P0509,2025-01-01,2024-12-20,Medical,Online,419698,377728, approved ,Medium,Yes,Yes,Yes,52,,22,2025-01-10,,Apollo,Hyderabad,TS
CL01998,P0952,2025-01-01,2024-12-20,Fire,Online,182053,163847,Approved,Medium,Yes,Yes,Yes,58,182053,30,2025-01-10,,Apollo,Hyderabad,TS
CL01999,P0786,2025-01-01,2024-12-20,Theft,Online,100609,90548, approved ,High,Yes,Yes,Yes,11,,36,2025-01-10,,Apollo,Hyderabad,TS
CL02000,P0968,2025-01-01,2024-12-20,Fire,Online,287098,258388,Rejected,High,Yes,Yes,No,58,,30,2025-01-10,,City Garage,Hyderabad,TS
